observed_at,window_start,window_end,brawler_id,mode_id,map_id,trophy_bucket,brawler_battles,brawler_wins,brawler_draws,stratum_battles,stratum_slots,source_id
2026-06-17T00:00:00Z,2026-06-08T00:00:00Z,2026-06-15T00:00:00Z,SPIKE,brawlBall,BackyardBowl,low,1996,1018,78,5456,32736,fixture-synthetic-v1
2026-06-17T00:00:00Z,2026-06-08T00:00:00Z,2026-06-15T00:00:00Z,CROW,brawlBall,BackyardBowl,low,1616,712,79,5456,32736,fixture-synthetic-v1
2026-06-17T00:00:00Z,2026-06-08T00:00:00Z,2026-06-15T00:00:00Z,ELPRIMO,brawlBall,BackyardBowl,low,1942,1044,90,5456,32736,fixture-synthetic-v1
2026-06-17T00:00:00Z,2026-06-08T00:00:00Z,2026-06-15T00:00:00Z,PIPER,brawlBall,BackyardBowl,low,1301,592,59,5456,32736,fixture-synthetic-v1
2026-06-17T00:00:00Z,2026-06-08T00:00:00Z,2026-06-15T00:00:00Z,SPIKE,brawlBall,BackyardBowl,mid,2493,1239,118,7510,45060,fixture-synthetic-v1
2026-06-17T00:00:00Z,2026-06-08T00:00:00Z,2026-06-15T00:00:00Z,CROW,brawlBall,BackyardBowl,mid,1935,859,79,7510,45060,fixture-synthetic-v1
2026-06-17T00:00:00Z,2026-06-08T00:00:00Z,2026-06-15T00:00:00Z,ELPRIMO,brawlBall,BackyardBowl,mid,2344,1193,101,7510,45060,fixture-synthetic-v1
2026-06-17T00:00:00Z,2026-06-08T00:00:00Z,2026-06-15T00:00:00Z,PIPER,brawlBall,BackyardBowl,mid,2038,975,92,7510,45060,fixture-synthetic-v1
2026-06-17T00:00:00Z,2026-06-08T00:00:00Z,2026-06-15T00:00:00Z,SPIKE,brawlBall,BackyardBowl,high,462,234,24,1152,6912,fixture-synthetic-v1
2026-06-17T00:00:00Z,2026-06-08T00:00:00Z,2026-06-15T00:00:00Z,CROW,brawlBall,BackyardBowl,high,303,127,12,1152,6912,fixture-synthetic-v1
2026-06-17T00:00:00Z,2026-06-08T00:00:00Z,2026-06-15T00:00:00Z,ELPRIMO,brawlBall,BackyardBowl,high,423,208,18,1152,6912,fixture-synthetic-v1
2026-06-17T00:00:00Z,2026-06-08T00:00:00Z,2026-06-15T00:00:00Z,PIPER,brawlBall,BackyardBowl,high,306,155,16,1152,6912,fixture-synthetic-v1
2026-06-17T00:00:00Z,2026-06-08T00:00:00Z,2026-06-15T00:00:00Z,SPIKE,brawlBall,PinholePunt,low,1617,837,66,4560,27360,fixture-synthetic-v1
2026-06-17T00:00:00Z,2026-06-08T00:00:00Z,2026-06-15T00:00:00Z,CROW,brawlBall,PinholePunt,low,1296,588,58,4560,27360,fixture-synthetic-v1
2026-06-17T00:00:00Z,2026-06-08T00:00:00Z,2026-06-15T00:00:00Z,ELPRIMO,brawlBall,PinholePunt,low,1517,836,78,4560,27360,fixture-synthetic-v1
2026-06-17T00:00:00Z,2026-06-08T00:00:00Z,2026-06-15T00:00:00Z,PIPER,brawlBall,PinholePunt,low,1206,571,47,4560,27360,fixture-synthetic-v1
2026-06-17T00:00:00Z,2026-06-08T00:00:00Z,2026-06-15T00:00:00Z,SPIKE,brawlBall,PinholePunt,mid,3651,1902,163,9906,59436,fixture-synthetic-v1
2026-06-17T00:00:00Z,2026-06-08T00:00:00Z,2026-06-15T00:00:00Z,CROW,brawlBall,PinholePunt,mid,2704,1281,142,9906,59436,fixture-synthetic-v1
2026-06-17T00:00:00Z,2026-06-08T00:00:00Z,2026-06-15T00:00:00Z,ELPRIMO,brawlBall,PinholePunt,mid,3330,1737,155,9906,59436,fixture-synthetic-v1
2026-06-17T00:00:00Z,2026-06-08T00:00:00Z,2026-06-15T00:00:00Z,PIPER,brawlBall,PinholePunt,mid,2644,1283,107,9906,59436,fixture-synthetic-v1
2026-06-17T00:00:00Z,2026-06-08T00:00:00Z,2026-06-15T00:00:00Z,SPIKE,brawlBall,PinholePunt,high,466,274,16,1166,6996,fixture-synthetic-v1
2026-06-17T00:00:00Z,2026-06-08T00:00:00Z,2026-06-15T00:00:00Z,CROW,brawlBall,PinholePunt,high,340,179,12,1166,6996,fixture-synthetic-v1
2026-06-17T00:00:00Z,2026-06-08T00:00:00Z,2026-06-15T00:00:00Z,ELPRIMO,brawlBall,PinholePunt,high,381,226,15,1166,6996,fixture-synthetic-v1
2026-06-17T00:00:00Z,2026-06-08T00:00:00Z,2026-06-15T00:00:00Z,PIPER,brawlBall,PinholePunt,high,306,159,17,1166,6996,fixture-synthetic-v1
2026-06-17T00:00:00Z,2026-06-08T00:00:00Z,2026-06-15T00:00:00Z,SPIKE,brawlBall,SneakySneak,low,1699,807,77,5170,31020,fixture-synthetic-v1
2026-06-17T00:00:00Z,2026-06-08T00:00:00Z,2026-06-15T00:00:00Z,CROW,brawlBall,SneakySneak,low,1666,771,78,5170,31020,fixture-synthetic-v1
2026-06-17T00:00:00Z,2026-06-08T00:00:00Z,2026-06-15T00:00:00Z,ELPRIMO,brawlBall,SneakySneak,low,1898,992,82,5170,31020,fixture-synthetic-v1
2026-06-17T00:00:00Z,2026-06-08T00:00:00Z,2026-06-15T00:00:00Z,PIPER,brawlBall,SneakySneak,low,1424,665,62,5170,31020,fixture-synthetic-v1
2026-06-17T00:00:00Z,2026-06-08T00:00:00Z,2026-06-15T00:00:00Z,SPIKE,brawlBall,SneakySneak,mid,2897,1443,133,7766,46596,fixture-synthetic-v1
2026-06-17T00:00:00Z,2026-06-08T00:00:00Z,2026-06-15T00:00:00Z,CROW,brawlBall,SneakySneak,mid,1996,935,86,7766,46596,fixture-synthetic-v1
2026-06-17T00:00:00Z,2026-06-08T00:00:00Z,2026-06-15T00:00:00Z,ELPRIMO,brawlBall,SneakySneak,mid,2813,1419,141,7766,46596,fixture-synthetic-v1
2026-06-17T00:00:00Z,2026-06-08T00:00:00Z,2026-06-15T00:00:00Z,PIPER,brawlBall,SneakySneak,mid,2039,1001,108,7766,46596,fixture-synthetic-v1
2026-06-17T00:00:00Z,2026-06-08T00:00:00Z,2026-06-15T00:00:00Z,SPIKE,brawlBall,SneakySneak,high,434,221,19,1311,7866,fixture-synthetic-v1
2026-06-17T00:00:00Z,2026-06-08T00:00:00Z,2026-06-15T00:00:00Z,CROW,brawlBall,SneakySneak,high,402,179,19,1311,7866,fixture-synthetic-v1
2026-06-17T00:00:00Z,2026-06-08T00:00:00Z,2026-06-15T00:00:00Z,ELPRIMO,brawlBall,SneakySneak,high,454,214,23,1311,7866,fixture-synthetic-v1
2026-06-17T00:00:00Z,2026-06-08T00:00:00Z,2026-06-15T00:00:00Z,PIPER,brawlBall,SneakySneak,high,300,151,9,1311,7866,fixture-synthetic-v1
2026-06-17T00:00:00Z,2026-06-08T00:00:00Z,2026-06-15T00:00:00Z,SPIKE,gemGrab,HardRockMine,low,1828,982,69,5076,30456,fixture-synthetic-v1
2026-06-17T00:00:00Z,2026-06-08T00:00:00Z,2026-06-15T00:00:00Z,CROW,gemGrab,HardRockMine,low,1331,638,51,5076,30456,fixture-synthetic-v1
2026-06-17T00:00:00Z,2026-06-08T00:00:00Z,2026-06-15T00:00:00Z,ELPRIMO,gemGrab,HardRockMine,low,1642,819,45,5076,30456,fixture-synthetic-v1
2026-06-17T00:00:00Z,2026-06-08T00:00:00Z,2026-06-15T00:00:00Z,PIPER,gemGrab,HardRockMine,low,1238,636,47,5076,30456,fixture-synthetic-v1
2026-06-17T00:00:00Z,2026-06-08T00:00:00Z,2026-06-15T00:00:00Z,SPIKE,gemGrab,HardRockMine,mid,2420,1335,84,7413,44478,fixture-synthetic-v1
2026-06-17T00:00:00Z,2026-06-08T00:00:00Z,2026-06-15T00:00:00Z,CROW,gemGrab,HardRockMine,mid,2272,1138,82,7413,44478,fixture-synthetic-v1
2026-06-17T00:00:00Z,2026-06-08T00:00:00Z,2026-06-15T00:00:00Z,ELPRIMO,gemGrab,HardRockMine,mid,2400,1176,89,7413,44478,fixture-synthetic-v1
2026-06-17T00:00:00Z,2026-06-08T00:00:00Z,2026-06-15T00:00:00Z,PIPER,gemGrab,HardRockMine,mid,2009,1011,72,7413,44478,fixture-synthetic-v1
2026-06-17T00:00:00Z,2026-06-08T00:00:00Z,2026-06-15T00:00:00Z,SPIKE,gemGrab,HardRockMine,high,494,292,16,1367,8202,fixture-synthetic-v1
2026-06-17T00:00:00Z,2026-06-08T00:00:00Z,2026-06-15T00:00:00Z,CROW,gemGrab,HardRockMine,high,355,181,8,1367,8202,fixture-synthetic-v1
2026-06-17T00:00:00Z,2026-06-08T00:00:00Z,2026-06-15T00:00:00Z,ELPRIMO,gemGrab,HardRockMine,high,495,240,15,1367,8202,fixture-synthetic-v1
2026-06-17T00:00:00Z,2026-06-08T00:00:00Z,2026-06-15T00:00:00Z,PIPER,gemGrab,HardRockMine,high,351,173,11,1367,8202,fixture-synthetic-v1
2026-06-17T00:00:00Z,2026-06-08T00:00:00Z,2026-06-15T00:00:00Z,SPIKE,gemGrab,DoubleSwoosh,low,2050,1054,69,5049,30294,fixture-synthetic-v1
2026-06-17T00:00:00Z,2026-06-08T00:00:00Z,2026-06-15T00:00:00Z,CROW,gemGrab,DoubleSwoosh,low,1558,766,57,5049,30294,fixture-synthetic-v1
2026-06-17T00:00:00Z,2026-06-08T00:00:00Z,2026-06-15T00:00:00Z,ELPRIMO,gemGrab,DoubleSwoosh,low,1549,742,46,5049,30294,fixture-synthetic-v1
2026-06-17T00:00:00Z,2026-06-08T00:00:00Z,2026-06-15T00:00:00Z,PIPER,gemGrab,DoubleSwoosh,low,1444,730,40,5049,30294,fixture-synthetic-v1
2026-06-17T00:00:00Z,2026-06-08T00:00:00Z,2026-06-15T00:00:00Z,SPIKE,gemGrab,DoubleSwoosh,mid,2949,1577,104,8600,51600,fixture-synthetic-v1
2026-06-17T00:00:00Z,2026-06-08T00:00:00Z,2026-06-15T00:00:00Z,CROW,gemGrab,DoubleSwoosh,mid,2188,1052,71,8600,51600,fixture-synthetic-v1
2026-06-17T00:00:00Z,2026-06-08T00:00:00Z,2026-06-15T00:00:00Z,ELPRIMO,gemGrab,DoubleSwoosh,mid,3085,1402,104,8600,51600,fixture-synthetic-v1
2026-06-17T00:00:00Z,2026-06-08T00:00:00Z,2026-06-15T00:00:00Z,PIPER,gemGrab,DoubleSwoosh,mid,2368,1200,95,8600,51600,fixture-synthetic-v1
2026-06-17T00:00:00Z,2026-06-08T00:00:00Z,2026-06-15T00:00:00Z,SPIKE,gemGrab,DoubleSwoosh,high,422,232,11,1185,7110,fixture-synthetic-v1
2026-06-17T00:00:00Z,2026-06-08T00:00:00Z,2026-06-15T00:00:00Z,CROW,gemGrab,DoubleSwoosh,high,363,186,9,1185,7110,fixture-synthetic-v1
2026-06-17T00:00:00Z,2026-06-08T00:00:00Z,2026-06-15T00:00:00Z,ELPRIMO,gemGrab,DoubleSwoosh,high,347,141,19,1185,7110,fixture-synthetic-v1
2026-06-17T00:00:00Z,2026-06-08T00:00:00Z,2026-06-15T00:00:00Z,PIPER,gemGrab,DoubleSwoosh,high,278,135,13,1185,7110,fixture-synthetic-v1
2026-06-17T00:00:00Z,2026-06-08T00:00:00Z,2026-06-15T00:00:00Z,SPIKE,gemGrab,UndermineGG,low,1965,1052,78,4883,29298,fixture-synthetic-v1
2026-06-17T00:00:00Z,2026-06-08T00:00:00Z,2026-06-15T00:00:00Z,CROW,gemGrab,UndermineGG,low,1506,705,56,4883,29298,fixture-synthetic-v1
2026-06-17T00:00:00Z,2026-06-08T00:00:00Z,2026-06-15T00:00:00Z,ELPRIMO,gemGrab,UndermineGG,low,1512,767,57,4883,29298,fixture-synthetic-v1
2026-06-17T00:00:00Z,2026-06-08T00:00:00Z,2026-06-15T00:00:00Z,PIPER,gemGrab,UndermineGG,low,1137,526,39,4883,29298,fixture-synthetic-v1
2026-06-17T00:00:00Z,2026-06-08T00:00:00Z,2026-06-15T00:00:00Z,SPIKE,gemGrab,UndermineGG,mid,2731,1469,95,7632,45792,fixture-synthetic-v1
2026-06-17T00:00:00Z,2026-06-08T00:00:00Z,2026-06-15T00:00:00Z,CROW,gemGrab,UndermineGG,mid,2423,1185,80,7632,45792,fixture-synthetic-v1
2026-06-17T00:00:00Z,2026-06-08T00:00:00Z,2026-06-15T00:00:00Z,ELPRIMO,gemGrab,UndermineGG,mid,2341,1106,78,7632,45792,fixture-synthetic-v1
2026-06-17T00:00:00Z,2026-06-08T00:00:00Z,2026-06-15T00:00:00Z,PIPER,gemGrab,UndermineGG,mid,1847,937,53,7632,45792,fixture-synthetic-v1
2026-06-17T00:00:00Z,2026-06-08T00:00:00Z,2026-06-15T00:00:00Z,SPIKE,gemGrab,UndermineGG,high,416,244,12,1162,6972,fixture-synthetic-v1
2026-06-17T00:00:00Z,2026-06-08T00:00:00Z,2026-06-15T00:00:00Z,CROW,gemGrab,UndermineGG,high,357,173,8,1162,6972,fixture-synthetic-v1
2026-06-17T00:00:00Z,2026-06-08T00:00:00Z,2026-06-15T00:00:00Z,ELPRIMO,gemGrab,UndermineGG,high,420,194,17,1162,6972,fixture-synthetic-v1
2026-06-17T00:00:00Z,2026-06-08T00:00:00Z,2026-06-15T00:00:00Z,PIPER,gemGrab,UndermineGG,high,292,154,5,1162,6972,fixture-synthetic-v1
2026-06-17T00:00:00Z,2026-06-08T00:00:00Z,2026-06-15T00:00:00Z,SPIKE,soloShowdown,SkullCreek,low,2918,1050,302,4669,46690,fixture-synthetic-v1
2026-06-17T00:00:00Z,2026-06-08T00:00:00Z,2026-06-15T00:00:00Z,CROW,soloShowdown,SkullCreek,low,2079,822,206,4669,46690,fixture-synthetic-v1
2026-06-17T00:00:00Z,2026-06-08T00:00:00Z,2026-06-15T00:00:00Z,ELPRIMO,soloShowdown,SkullCreek,low,2477,897,257,4669,46690,fixture-synthetic-v1
2026-06-17T00:00:00Z,2026-06-08T00:00:00Z,2026-06-15T00:00:00Z,PIPER,soloShowdown,SkullCreek,low,1982,732,186,4669,46690,fixture-synthetic-v1
2026-06-17T00:00:00Z,2026-06-08T00:00:00Z,2026-06-15T00:00:00Z,SPIKE,soloShowdown,SkullCreek,mid,4849,1828,472,7487,74870,fixture-synthetic-v1
2026-06-17T00:00:00Z,2026-06-08T00:00:00Z,2026-06-15T00:00:00Z,CROW,soloShowdown,SkullCreek,mid,3693,1456,396,7487,74870,fixture-synthetic-v1
2026-06-17T00:00:00Z,2026-06-08T00:00:00Z,2026-06-15T00:00:00Z,ELPRIMO,soloShowdown,SkullCreek,mid,3817,1294,379,7487,74870,fixture-synthetic-v1
2026-06-17T00:00:00Z,2026-06-08T00:00:00Z,2026-06-15T00:00:00Z,PIPER,soloShowdown,SkullCreek,mid,3563,1322,356,7487,74870,fixture-synthetic-v1
2026-06-17T00:00:00Z,2026-06-08T00:00:00Z,2026-06-15T00:00:00Z,SPIKE,soloShowdown,SkullCreek,high,936,388,85,1502,15020,fixture-synthetic-v1
2026-06-17T00:00:00Z,2026-06-08T00:00:00Z,2026-06-15T00:00:00Z,CROW,soloShowdown,SkullCreek,high,693,289,62,1502,15020,fixture-synthetic-v1
2026-06-17T00:00:00Z,2026-06-08T00:00:00Z,2026-06-15T00:00:00Z,ELPRIMO,soloShowdown,SkullCreek,high,732,221,82,1502,15020,fixture-synthetic-v1
2026-06-17T00:00:00Z,2026-06-08T00:00:00Z,2026-06-15T00:00:00Z,PIPER,soloShowdown,SkullCreek,high,693,274,71,1502,15020,fixture-synthetic-v1
2026-06-17T00:00:00Z,2026-06-08T00:00:00Z,2026-06-15T00:00:00Z,SPIKE,soloShowdown,FeastOrFamine,low,3169,1099,322,5550,55500,fixture-synthetic-v1
2026-06-17T00:00:00Z,2026-06-08T00:00:00Z,2026-06-15T00:00:00Z,CROW,soloShowdown,FeastOrFamine,low,2722,998,312,5550,55500,fixture-synthetic-v1
2026-06-17T00:00:00Z,2026-06-08T00:00:00Z,2026-06-15T00:00:00Z,ELPRIMO,soloShowdown,FeastOrFamine,low,3342,1129,339,5550,55500,fixture-synthetic-v1
2026-06-17T00:00:00Z,2026-06-08T00:00:00Z,2026-06-15T00:00:00Z,PIPER,soloShowdown,FeastOrFamine,low,2661,889,273,5550,55500,fixture-synthetic-v1
2026-06-17T00:00:00Z,2026-06-08T00:00:00Z,2026-06-15T00:00:00Z,SPIKE,soloShowdown,FeastOrFamine,mid,6006,2233,540,10223,102230,fixture-synthetic-v1
2026-06-17T00:00:00Z,2026-06-08T00:00:00Z,2026-06-15T00:00:00Z,CROW,soloShowdown,FeastOrFamine,mid,5425,2069,552,10223,102230,fixture-synthetic-v1
2026-06-17T00:00:00Z,2026-06-08T00:00:00Z,2026-06-15T00:00:00Z,ELPRIMO,soloShowdown,FeastOrFamine,mid,5252,1815,503,10223,102230,fixture-synthetic-v1
2026-06-17T00:00:00Z,2026-06-08T00:00:00Z,2026-06-15T00:00:00Z,PIPER,soloShowdown,FeastOrFamine,mid,4723,1629,476,10223,102230,fixture-synthetic-v1
2026-06-17T00:00:00Z,2026-06-08T00:00:00Z,2026-06-15T00:00:00Z,SPIKE,soloShowdown,FeastOrFamine,high,897,320,89,1644,16440,fixture-synthetic-v1
2026-06-17T00:00:00Z,2026-06-08T00:00:00Z,2026-06-15T00:00:00Z,CROW,soloShowdown,FeastOrFamine,high,834,344,79,1644,16440,fixture-synthetic-v1
2026-06-17T00:00:00Z,2026-06-08T00:00:00Z,2026-06-15T00:00:00Z,ELPRIMO,soloShowdown,FeastOrFamine,high,932,275,79,1644,16440,fixture-synthetic-v1
2026-06-17T00:00:00Z,2026-06-08T00:00:00Z,2026-06-15T00:00:00Z,PIPER,soloShowdown,FeastOrFamine,high,725,266,69,1644,16440,fixture-synthetic-v1
2026-06-17T00:00:00Z,2026-06-08T00:00:00Z,2026-06-15T00:00:00Z,SPIKE,soloShowdown,RockwallBrawl,low,2905,980,290,4687,46870,fixture-synthetic-v1
2026-06-17T00:00:00Z,2026-06-08T00:00:00Z,2026-06-15T00:00:00Z,CROW,soloShowdown,RockwallBrawl,low,1988,762,202,4687,46870,fixture-synthetic-v1
2026-06-17T00:00:00Z,2026-06-08T00:00:00Z,2026-06-15T00:00:00Z,ELPRIMO,soloShowdown,RockwallBrawl,low,2739,980,303,4687,46870,fixture-synthetic-v1
2026-06-17T00:00:00Z,2026-06-08T00:00:00Z,2026-06-15T00:00:00Z,PIPER,soloShowdown,RockwallBrawl,low,1973,732,180,4687,46870,fixture-synthetic-v1
2026-06-17T00:00:00Z,2026-06-08T00:00:00Z,2026-06-15T00:00:00Z,SPIKE,soloShowdown,RockwallBrawl,mid,4840,1784,534,8461,84610,fixture-synthetic-v1
2026-06-17T00:00:00Z,2026-06-08T00:00:00Z,2026-06-15T00:00:00Z,CROW,soloShowdown,RockwallBrawl,mid,4408,1794,442,8461,84610,fixture-synthetic-v1
2026-06-17T00:00:00Z,2026-06-08T00:00:00Z,2026-06-15T00:00:00Z,ELPRIMO,soloShowdown,RockwallBrawl,mid,4382,1481,432,8461,84610,fixture-synthetic-v1
2026-06-17T00:00:00Z,2026-06-08T00:00:00Z,2026-06-15T00:00:00Z,PIPER,soloShowdown,RockwallBrawl,mid,4023,1478,407,8461,84610,fixture-synthetic-v1
2026-06-17T00:00:00Z,2026-06-08T00:00:00Z,2026-06-15T00:00:00Z,SPIKE,soloShowdown,RockwallBrawl,high,37,15,5,59,590,fixture-synthetic-v1
2026-06-17T00:00:00Z,2026-06-08T00:00:00Z,2026-06-15T00:00:00Z,CROW,soloShowdown,RockwallBrawl,high,25,10,3,59,590,fixture-synthetic-v1
2026-06-17T00:00:00Z,2026-06-08T00:00:00Z,2026-06-15T00:00:00Z,ELPRIMO,soloShowdown,RockwallBrawl,high,30,10,1,59,590,fixture-synthetic-v1
2026-06-17T00:00:00Z,2026-06-08T00:00:00Z,2026-06-15T00:00:00Z,PIPER,soloShowdown,RockwallBrawl,high,22,10,1,59,590,fixture-synthetic-v1
2026-06-24T00:00:00Z,2026-06-15T00:00:00Z,2026-06-22T00:00:00Z,SPIKE,brawlBall,BackyardBowl,low,1613,779,71,4865,29190,fixture-synthetic-v1
2026-06-24T00:00:00Z,2026-06-15T00:00:00Z,2026-06-22T00:00:00Z,CROW,brawlBall,BackyardBowl,low,1335,577,67,4865,29190,fixture-synthetic-v1
2026-06-24T00:00:00Z,2026-06-15T00:00:00Z,2026-06-22T00:00:00Z,ELPRIMO,brawlBall,BackyardBowl,low,1791,971,67,4865,29190,fixture-synthetic-v1
2026-06-24T00:00:00Z,2026-06-15T00:00:00Z,2026-06-22T00:00:00Z,PIPER,brawlBall,BackyardBowl,low,1214,562,69,4865,29190,fixture-synthetic-v1
2026-06-24T00:00:00Z,2026-06-15T00:00:00Z,2026-06-22T00:00:00Z,SPIKE,brawlBall,BackyardBowl,mid,3198,1580,149,8457,50742,fixture-synthetic-v1
2026-06-24T00:00:00Z,2026-06-15T00:00:00Z,2026-06-22T00:00:00Z,CROW,brawlBall,BackyardBowl,mid,2427,1133,115,8457,50742,fixture-synthetic-v1
2026-06-24T00:00:00Z,2026-06-15T00:00:00Z,2026-06-22T00:00:00Z,ELPRIMO,brawlBall,BackyardBowl,mid,2741,1406,106,8457,50742,fixture-synthetic-v1
2026-06-24T00:00:00Z,2026-06-15T00:00:00Z,2026-06-22T00:00:00Z,PIPER,brawlBall,BackyardBowl,mid,2406,1139,102,8457,50742,fixture-synthetic-v1
2026-06-24T00:00:00Z,2026-06-15T00:00:00Z,2026-06-22T00:00:00Z,SPIKE,brawlBall,BackyardBowl,high,554,285,31,1401,8406,fixture-synthetic-v1
2026-06-24T00:00:00Z,2026-06-15T00:00:00Z,2026-06-22T00:00:00Z,CROW,brawlBall,BackyardBowl,high,370,174,25,1401,8406,fixture-synthetic-v1
2026-06-24T00:00:00Z,2026-06-15T00:00:00Z,2026-06-22T00:00:00Z,ELPRIMO,brawlBall,BackyardBowl,high,503,261,19,1401,8406,fixture-synthetic-v1
2026-06-24T00:00:00Z,2026-06-15T00:00:00Z,2026-06-22T00:00:00Z,PIPER,brawlBall,BackyardBowl,high,370,197,10,1401,8406,fixture-synthetic-v1
2026-06-24T00:00:00Z,2026-06-15T00:00:00Z,2026-06-22T00:00:00Z,SPIKE,brawlBall,PinholePunt,low,2090,1037,99,5965,35790,fixture-synthetic-v1
2026-06-24T00:00:00Z,2026-06-15T00:00:00Z,2026-06-22T00:00:00Z,CROW,brawlBall,PinholePunt,low,1592,723,80,5965,35790,fixture-synthetic-v1
2026-06-24T00:00:00Z,2026-06-15T00:00:00Z,2026-06-22T00:00:00Z,ELPRIMO,brawlBall,PinholePunt,low,1758,976,76,5965,35790,fixture-synthetic-v1
2026-06-24T00:00:00Z,2026-06-15T00:00:00Z,2026-06-22T00:00:00Z,PIPER,brawlBall,PinholePunt,low,1571,788,69,5965,35790,fixture-synthetic-v1
2026-06-24T00:00:00Z,2026-06-15T00:00:00Z,2026-06-22T00:00:00Z,SPIKE,brawlBall,PinholePunt,mid,3409,1812,137,9274,55644,fixture-synthetic-v1
2026-06-24T00:00:00Z,2026-06-15T00:00:00Z,2026-06-22T00:00:00Z,CROW,brawlBall,PinholePunt,mid,2388,1117,96,9274,55644,fixture-synthetic-v1
2026-06-24T00:00:00Z,2026-06-15T00:00:00Z,2026-06-22T00:00:00Z,ELPRIMO,brawlBall,PinholePunt,mid,3423,1848,139,9274,55644,fixture-synthetic-v1
2026-06-24T00:00:00Z,2026-06-15T00:00:00Z,2026-06-22T00:00:00Z,PIPER,brawlBall,PinholePunt,mid,2205,1122,92,9274,55644,fixture-synthetic-v1
2026-06-24T00:00:00Z,2026-06-15T00:00:00Z,2026-06-22T00:00:00Z,SPIKE,brawlBall,PinholePunt,high,417,234,25,1270,7620,fixture-synthetic-v1
2026-06-24T00:00:00Z,2026-06-15T00:00:00Z,2026-06-22T00:00:00Z,CROW,brawlBall,PinholePunt,high,372,188,8,1270,7620,fixture-synthetic-v1
2026-06-24T00:00:00Z,2026-06-15T00:00:00Z,2026-06-22T00:00:00Z,ELPRIMO,brawlBall,PinholePunt,high,388,194,16,1270,7620,fixture-synthetic-v1
2026-06-24T00:00:00Z,2026-06-15T00:00:00Z,2026-06-22T00:00:00Z,PIPER,brawlBall,PinholePunt,high,308,164,13,1270,7620,fixture-synthetic-v1
2026-06-24T00:00:00Z,2026-06-15T00:00:00Z,2026-06-22T00:00:00Z,SPIKE,brawlBall,SneakySneak,low,1797,838,86,4677,28062,fixture-synthetic-v1
2026-06-24T00:00:00Z,2026-06-15T00:00:00Z,2026-06-22T00:00:00Z,CROW,brawlBall,SneakySneak,low,1419,609,65,4677,28062,fixture-synthetic-v1
2026-06-24T00:00:00Z,2026-06-15T00:00:00Z,2026-06-22T00:00:00Z,ELPRIMO,brawlBall,SneakySneak,low,1432,759,66,4677,28062,fixture-synthetic-v1
2026-06-24T00:00:00Z,2026-06-15T00:00:00Z,2026-06-22T00:00:00Z,PIPER,brawlBall,SneakySneak,low,1286,616,50,4677,28062,fixture-synthetic-v1
2026-06-24T00:00:00Z,2026-06-15T00:00:00Z,2026-06-22T00:00:00Z,SPIKE,brawlBall,SneakySneak,mid,3495,1744,156,9690,58140,fixture-synthetic-v1
2026-06-24T00:00:00Z,2026-06-15T00:00:00Z,2026-06-22T00:00:00Z,CROW,brawlBall,SneakySneak,mid,2660,1196,114,9690,58140,fixture-synthetic-v1
2026-06-24T00:00:00Z,2026-06-15T00:00:00Z,2026-06-22T00:00:00Z,ELPRIMO,brawlBall,SneakySneak,mid,3338,1754,146,9690,58140,fixture-synthetic-v1
2026-06-24T00:00:00Z,2026-06-15T00:00:00Z,2026-06-22T00:00:00Z,PIPER,brawlBall,SneakySneak,mid,2595,1234,123,9690,58140,fixture-synthetic-v1
2026-06-24T00:00:00Z,2026-06-15T00:00:00Z,2026-06-22T00:00:00Z,SPIKE,brawlBall,SneakySneak,high,604,316,22,1547,9282,fixture-synthetic-v1
2026-06-24T00:00:00Z,2026-06-15T00:00:00Z,2026-06-22T00:00:00Z,CROW,brawlBall,SneakySneak,high,453,234,26,1547,9282,fixture-synthetic-v1
2026-06-24T00:00:00Z,2026-06-15T00:00:00Z,2026-06-22T00:00:00Z,ELPRIMO,brawlBall,SneakySneak,high,565,281,22,1547,9282,fixture-synthetic-v1
2026-06-24T00:00:00Z,2026-06-15T00:00:00Z,2026-06-22T00:00:00Z,PIPER,brawlBall,SneakySneak,high,383,175,17,1547,9282,fixture-synthetic-v1
2026-06-24T00:00:00Z,2026-06-15T00:00:00Z,2026-06-22T00:00:00Z,SPIKE,gemGrab,HardRockMine,low,2299,1235,88,5698,34188,fixture-synthetic-v1
2026-06-24T00:00:00Z,2026-06-15T00:00:00Z,2026-06-22T00:00:00Z,CROW,gemGrab,HardRockMine,low,1491,744,44,5698,34188,fixture-synthetic-v1
2026-06-24T00:00:00Z,2026-06-15T00:00:00Z,2026-06-22T00:00:00Z,ELPRIMO,gemGrab,HardRockMine,low,2014,1030,67,5698,34188,fixture-synthetic-v1
2026-06-24T00:00:00Z,2026-06-15T00:00:00Z,2026-06-22T00:00:00Z,PIPER,gemGrab,HardRockMine,low,1383,666,60,5698,34188,fixture-synthetic-v1
2026-06-24T00:00:00Z,2026-06-15T00:00:00Z,2026-06-22T00:00:00Z,SPIKE,gemGrab,HardRockMine,mid,3245,1734,108,8240,49440,fixture-synthetic-v1
2026-06-24T00:00:00Z,2026-06-15T00:00:00Z,2026-06-22T00:00:00Z,CROW,gemGrab,HardRockMine,mid,2185,1117,66,8240,49440,fixture-synthetic-v1
2026-06-24T00:00:00Z,2026-06-15T00:00:00Z,2026-06-22T00:00:00Z,ELPRIMO,gemGrab,HardRockMine,mid,2594,1289,105,8240,49440,fixture-synthetic-v1
2026-06-24T00:00:00Z,2026-06-15T00:00:00Z,2026-06-22T00:00:00Z,PIPER,gemGrab,HardRockMine,mid,2344,1243,73,8240,49440,fixture-synthetic-v1
2026-06-24T00:00:00Z,2026-06-15T00:00:00Z,2026-06-22T00:00:00Z,SPIKE,gemGrab,HardRockMine,high,521,295,20,1424,8544,fixture-synthetic-v1
2026-06-24T00:00:00Z,2026-06-15T00:00:00Z,2026-06-22T00:00:00Z,CROW,gemGrab,HardRockMine,high,387,203,15,1424,8544,fixture-synthetic-v1
2026-06-24T00:00:00Z,2026-06-15T00:00:00Z,2026-06-22T00:00:00Z,ELPRIMO,gemGrab,HardRockMine,high,438,210,18,1424,8544,fixture-synthetic-v1
2026-06-24T00:00:00Z,2026-06-15T00:00:00Z,2026-06-22T00:00:00Z,PIPER,gemGrab,HardRockMine,high,381,197,17,1424,8544,fixture-synthetic-v1
2026-06-24T00:00:00Z,2026-06-15T00:00:00Z,2026-06-22T00:00:00Z,SPIKE,gemGrab,DoubleSwoosh,low,2094,1095,67,5194,31164,fixture-synthetic-v1
2026-06-24T00:00:00Z,2026-06-15T00:00:00Z,2026-06-22T00:00:00Z,CROW,gemGrab,DoubleSwoosh,low,1355,671,46,5194,31164,fixture-synthetic-v1
2026-06-24T00:00:00Z,2026-06-15T00:00:00Z,2026-06-22T00:00:00Z,ELPRIMO,gemGrab,DoubleSwoosh,low,1547,708,61,5194,31164,fixture-synthetic-v1
2026-06-24T00:00:00Z,2026-06-15T00:00:00Z,2026-06-22T00:00:00Z,PIPER,gemGrab,DoubleSwoosh,low,1373,675,34,5194,31164,fixture-synthetic-v1
2026-06-24T00:00:00Z,2026-06-15T00:00:00Z,2026-06-22T00:00:00Z,SPIKE,gemGrab,DoubleSwoosh,mid,3104,1607,123,8021,48126,fixture-synthetic-v1
2026-06-24T00:00:00Z,2026-06-15T00:00:00Z,2026-06-22T00:00:00Z,CROW,gemGrab,DoubleSwoosh,mid,2265,1083,85,8021,48126,fixture-synthetic-v1
2026-06-24T00:00:00Z,2026-06-15T00:00:00Z,2026-06-22T00:00:00Z,ELPRIMO,gemGrab,DoubleSwoosh,mid,2570,1196,78,8021,48126,fixture-synthetic-v1
2026-06-24T00:00:00Z,2026-06-15T00:00:00Z,2026-06-22T00:00:00Z,PIPER,gemGrab,DoubleSwoosh,mid,2036,1002,75,8021,48126,fixture-synthetic-v1
2026-06-24T00:00:00Z,2026-06-15T00:00:00Z,2026-06-22T00:00:00Z,SPIKE,gemGrab,DoubleSwoosh,high,385,206,18,1163,6978,fixture-synthetic-v1
2026-06-24T00:00:00Z,2026-06-15T00:00:00Z,2026-06-22T00:00:00Z,CROW,gemGrab,DoubleSwoosh,high,320,166,10,1163,6978,fixture-synthetic-v1
2026-06-24T00:00:00Z,2026-06-15T00:00:00Z,2026-06-22T00:00:00Z,ELPRIMO,gemGrab,DoubleSwoosh,high,401,185,10,1163,6978,fixture-synthetic-v1
2026-06-24T00:00:00Z,2026-06-15T00:00:00Z,2026-06-22T00:00:00Z,PIPER,gemGrab,DoubleSwoosh,high,267,137,8,1163,6978,fixture-synthetic-v1
2026-06-24T00:00:00Z,2026-06-15T00:00:00Z,2026-06-22T00:00:00Z,SPIKE,gemGrab,UndermineGG,low,1476,792,27,4329,25974,fixture-synthetic-v1
2026-06-24T00:00:00Z,2026-06-15T00:00:00Z,2026-06-22T00:00:00Z,CROW,gemGrab,UndermineGG,low,1134,532,37,4329,25974,fixture-synthetic-v1
2026-06-24T00:00:00Z,2026-06-15T00:00:00Z,2026-06-22T00:00:00Z,ELPRIMO,gemGrab,UndermineGG,low,1394,705,46,4329,25974,fixture-synthetic-v1
2026-06-24T00:00:00Z,2026-06-15T00:00:00Z,2026-06-22T00:00:00Z,PIPER,gemGrab,UndermineGG,low,1090,538,40,4329,25974,fixture-synthetic-v1
2026-06-24T00:00:00Z,2026-06-15T00:00:00Z,2026-06-22T00:00:00Z,SPIKE,gemGrab,UndermineGG,mid,3385,1846,128,8927,53562,fixture-synthetic-v1
2026-06-24T00:00:00Z,2026-06-15T00:00:00Z,2026-06-22T00:00:00Z,CROW,gemGrab,UndermineGG,mid,2412,1218,82,8927,53562,fixture-synthetic-v1
2026-06-24T00:00:00Z,2026-06-15T00:00:00Z,2026-06-22T00:00:00Z,ELPRIMO,gemGrab,UndermineGG,mid,2640,1225,92,8927,53562,fixture-synthetic-v1
2026-06-24T00:00:00Z,2026-06-15T00:00:00Z,2026-06-22T00:00:00Z,PIPER,gemGrab,UndermineGG,mid,2289,1168,88,8927,53562,fixture-synthetic-v1
2026-06-24T00:00:00Z,2026-06-15T00:00:00Z,2026-06-22T00:00:00Z,SPIKE,gemGrab,UndermineGG,high,591,343,19,1497,8982,fixture-synthetic-v1
2026-06-24T00:00:00Z,2026-06-15T00:00:00Z,2026-06-22T00:00:00Z,CROW,gemGrab,UndermineGG,high,435,221,17,1497,8982,fixture-synthetic-v1
2026-06-24T00:00:00Z,2026-06-15T00:00:00Z,2026-06-22T00:00:00Z,ELPRIMO,gemGrab,UndermineGG,high,453,229,15,1497,8982,fixture-synthetic-v1
2026-06-24T00:00:00Z,2026-06-15T00:00:00Z,2026-06-22T00:00:00Z,PIPER,gemGrab,UndermineGG,high,350,191,12,1497,8982,fixture-synthetic-v1
2026-06-24T00:00:00Z,2026-06-15T00:00:00Z,2026-06-22T00:00:00Z,SPIKE,soloShowdown,SkullCreek,low,3148,1140,277,4754,47540,fixture-synthetic-v1
2026-06-24T00:00:00Z,2026-06-15T00:00:00Z,2026-06-22T00:00:00Z,CROW,soloShowdown,SkullCreek,low,2371,981,231,4754,47540,fixture-synthetic-v1
2026-06-24T00:00:00Z,2026-06-15T00:00:00Z,2026-06-22T00:00:00Z,ELPRIMO,soloShowdown,SkullCreek,low,2382,846,231,4754,47540,fixture-synthetic-v1
2026-06-24T00:00:00Z,2026-06-15T00:00:00Z,2026-06-22T00:00:00Z,PIPER,soloShowdown,SkullCreek,low,2146,790,201,4754,47540,fixture-synthetic-v1
2026-06-24T00:00:00Z,2026-06-15T00:00:00Z,2026-06-22T00:00:00Z,SPIKE,soloShowdown,SkullCreek,mid,5801,2207,570,8920,89200,fixture-synthetic-v1
2026-06-24T00:00:00Z,2026-06-15T00:00:00Z,2026-06-22T00:00:00Z,CROW,soloShowdown,SkullCreek,mid,3888,1559,386,8920,89200,fixture-synthetic-v1
2026-06-24T00:00:00Z,2026-06-15T00:00:00Z,2026-06-22T00:00:00Z,ELPRIMO,soloShowdown,SkullCreek,mid,4563,1542,461,8920,89200,fixture-synthetic-v1
2026-06-24T00:00:00Z,2026-06-15T00:00:00Z,2026-06-22T00:00:00Z,PIPER,soloShowdown,SkullCreek,mid,3861,1449,343,8920,89200,fixture-synthetic-v1
2026-06-24T00:00:00Z,2026-06-15T00:00:00Z,2026-06-22T00:00:00Z,SPIKE,soloShowdown,SkullCreek,high,918,370,87,1361,13610,fixture-synthetic-v1
2026-06-24T00:00:00Z,2026-06-15T00:00:00Z,2026-06-22T00:00:00Z,CROW,soloShowdown,SkullCreek,high,659,272,68,1361,13610,fixture-synthetic-v1
2026-06-24T00:00:00Z,2026-06-15T00:00:00Z,2026-06-22T00:00:00Z,ELPRIMO,soloShowdown,SkullCreek,high,726,220,88,1361,13610,fixture-synthetic-v1
2026-06-24T00:00:00Z,2026-06-15T00:00:00Z,2026-06-22T00:00:00Z,PIPER,soloShowdown,SkullCreek,high,593,223,71,1361,13610,fixture-synthetic-v1
2026-06-24T00:00:00Z,2026-06-15T00:00:00Z,2026-06-22T00:00:00Z,SPIKE,soloShowdown,FeastOrFamine,low,3607,1198,357,5554,55540,fixture-synthetic-v1
2026-06-24T00:00:00Z,2026-06-15T00:00:00Z,2026-06-22T00:00:00Z,CROW,soloShowdown,FeastOrFamine,low,2774,1020,295,5554,55540,fixture-synthetic-v1
2026-06-24T00:00:00Z,2026-06-15T00:00:00Z,2026-06-22T00:00:00Z,ELPRIMO,soloShowdown,FeastOrFamine,low,2761,948,273,5554,55540,fixture-synthetic-v1
2026-06-24T00:00:00Z,2026-06-15T00:00:00Z,2026-06-22T00:00:00Z,PIPER,soloShowdown,FeastOrFamine,low,2532,882,263,5554,55540,fixture-synthetic-v1
2026-06-24T00:00:00Z,2026-06-15T00:00:00Z,2026-06-22T00:00:00Z,SPIKE,soloShowdown,FeastOrFamine,mid,4771,1730,458,7620,76200,fixture-synthetic-v1
2026-06-24T00:00:00Z,2026-06-15T00:00:00Z,2026-06-22T00:00:00Z,CROW,soloShowdown,FeastOrFamine,mid,3581,1349,368,7620,76200,fixture-synthetic-v1
2026-06-24T00:00:00Z,2026-06-15T00:00:00Z,2026-06-22T00:00:00Z,ELPRIMO,soloShowdown,FeastOrFamine,mid,3840,1278,390,7620,76200,fixture-synthetic-v1
2026-06-24T00:00:00Z,2026-06-15T00:00:00Z,2026-06-22T00:00:00Z,PIPER,soloShowdown,FeastOrFamine,mid,3275,1148,343,7620,76200,fixture-synthetic-v1
2026-06-24T00:00:00Z,2026-06-15T00:00:00Z,2026-06-22T00:00:00Z,SPIKE,soloShowdown,FeastOrFamine,high,786,321,80,1229,12290,fixture-synthetic-v1
2026-06-24T00:00:00Z,2026-06-15T00:00:00Z,2026-06-22T00:00:00Z,CROW,soloShowdown,FeastOrFamine,high,525,241,51,1229,12290,fixture-synthetic-v1
2026-06-24T00:00:00Z,2026-06-15T00:00:00Z,2026-06-22T00:00:00Z,ELPRIMO,soloShowdown,FeastOrFamine,high,627,184,60,1229,12290,fixture-synthetic-v1
2026-06-24T00:00:00Z,2026-06-15T00:00:00Z,2026-06-22T00:00:00Z,PIPER,soloShowdown,FeastOrFamine,high,501,197,43,1229,12290,fixture-synthetic-v1
2026-06-24T00:00:00Z,2026-06-15T00:00:00Z,2026-06-22T00:00:00Z,SPIKE,soloShowdown,RockwallBrawl,low,2939,1072,291,4417,44170,fixture-synthetic-v1
2026-06-24T00:00:00Z,2026-06-15T00:00:00Z,2026-06-22T00:00:00Z,CROW,soloShowdown,RockwallBrawl,low,2121,866,216,4417,44170,fixture-synthetic-v1
2026-06-24T00:00:00Z,2026-06-15T00:00:00Z,2026-06-22T00:00:00Z,ELPRIMO,soloShowdown,RockwallBrawl,low,2320,819,207,4417,44170,fixture-synthetic-v1
2026-06-24T00:00:00Z,2026-06-15T00:00:00Z,2026-06-22T00:00:00Z,PIPER,soloShowdown,RockwallBrawl,low,1851,695,194,4417,44170,fixture-synthetic-v1
2026-06-24T00:00:00Z,2026-06-15T00:00:00Z,2026-06-22T00:00:00Z,SPIKE,soloShowdown,RockwallBrawl,mid,5368,2072,495,8109,81090,fixture-synthetic-v1
2026-06-24T00:00:00Z,2026-06-15T00:00:00Z,2026-06-22T00:00:00Z,CROW,soloShowdown,RockwallBrawl,mid,4229,1649,444,8109,81090,fixture-synthetic-v1
2026-06-24T00:00:00Z,2026-06-15T00:00:00Z,2026-06-22T00:00:00Z,ELPRIMO,soloShowdown,RockwallBrawl,mid,4849,1728,463,8109,81090,fixture-synthetic-v1
2026-06-24T00:00:00Z,2026-06-15T00:00:00Z,2026-06-22T00:00:00Z,PIPER,soloShowdown,RockwallBrawl,mid,3548,1277,386,8109,81090,fixture-synthetic-v1
2026-06-24T00:00:00Z,2026-06-15T00:00:00Z,2026-06-22T00:00:00Z,SPIKE,soloShowdown,RockwallBrawl,high,27,11,3,46,460,fixture-synthetic-v1
2026-06-24T00:00:00Z,2026-06-15T00:00:00Z,2026-06-22T00:00:00Z,CROW,soloShowdown,RockwallBrawl,high,21,5,2,46,460,fixture-synthetic-v1
2026-06-24T00:00:00Z,2026-06-15T00:00:00Z,2026-06-22T00:00:00Z,ELPRIMO,soloShowdown,RockwallBrawl,high,26,11,2,46,460,fixture-synthetic-v1
2026-06-24T00:00:00Z,2026-06-15T00:00:00Z,2026-06-22T00:00:00Z,PIPER,soloShowdown,RockwallBrawl,high,17,4,1,46,460,fixture-synthetic-v1
2026-07-01T00:00:00Z,2026-06-22T00:00:00Z,2026-06-29T00:00:00Z,SPIKE,brawlBall,BackyardBowl,low,2180,1051,87,5762,34572,fixture-synthetic-v1
2026-07-01T00:00:00Z,2026-06-22T00:00:00Z,2026-06-29T00:00:00Z,CROW,brawlBall,BackyardBowl,low,1489,608,86,5762,34572,fixture-synthetic-v1
2026-07-01T00:00:00Z,2026-06-22T00:00:00Z,2026-06-29T00:00:00Z,ELPRIMO,brawlBall,BackyardBowl,low,1863,992,81,5762,34572,fixture-synthetic-v1
2026-07-01T00:00:00Z,2026-06-22T00:00:00Z,2026-06-29T00:00:00Z,PIPER,brawlBall,BackyardBowl,low,1332,629,70,5762,34572,fixture-synthetic-v1
2026-07-01T00:00:00Z,2026-06-22T00:00:00Z,2026-06-29T00:00:00Z,SPIKE,brawlBall,BackyardBowl,mid,3275,1671,131,9549,57294,fixture-synthetic-v1
2026-07-01T00:00:00Z,2026-06-22T00:00:00Z,2026-06-29T00:00:00Z,CROW,brawlBall,BackyardBowl,mid,2724,1257,102,9549,57294,fixture-synthetic-v1
2026-07-01T00:00:00Z,2026-06-22T00:00:00Z,2026-06-29T00:00:00Z,ELPRIMO,brawlBall,BackyardBowl,mid,3408,1769,163,9549,57294,fixture-synthetic-v1
2026-07-01T00:00:00Z,2026-06-22T00:00:00Z,2026-06-29T00:00:00Z,PIPER,brawlBall,BackyardBowl,mid,2627,1254,122,9549,57294,fixture-synthetic-v1
2026-07-01T00:00:00Z,2026-06-22T00:00:00Z,2026-06-29T00:00:00Z,SPIKE,brawlBall,BackyardBowl,high,492,245,25,1233,7398,fixture-synthetic-v1
2026-07-01T00:00:00Z,2026-06-22T00:00:00Z,2026-06-29T00:00:00Z,CROW,brawlBall,BackyardBowl,high,386,172,19,1233,7398,fixture-synthetic-v1
2026-07-01T00:00:00Z,2026-06-22T00:00:00Z,2026-06-29T00:00:00Z,ELPRIMO,brawlBall,BackyardBowl,high,400,196,21,1233,7398,fixture-synthetic-v1
2026-07-01T00:00:00Z,2026-06-22T00:00:00Z,2026-06-29T00:00:00Z,PIPER,brawlBall,BackyardBowl,high,315,142,13,1233,7398,fixture-synthetic-v1
2026-07-01T00:00:00Z,2026-06-22T00:00:00Z,2026-06-29T00:00:00Z,SPIKE,brawlBall,PinholePunt,low,2076,1051,103,6107,36642,fixture-synthetic-v1
2026-07-01T00:00:00Z,2026-06-22T00:00:00Z,2026-06-29T00:00:00Z,CROW,brawlBall,PinholePunt,low,1807,827,92,6107,36642,fixture-synthetic-v1
2026-07-01T00:00:00Z,2026-06-22T00:00:00Z,2026-06-29T00:00:00Z,ELPRIMO,brawlBall,PinholePunt,low,1845,1025,79,6107,36642,fixture-synthetic-v1
2026-07-01T00:00:00Z,2026-06-22T00:00:00Z,2026-06-29T00:00:00Z,PIPER,brawlBall,PinholePunt,low,1732,842,86,6107,36642,fixture-synthetic-v1
2026-07-01T00:00:00Z,2026-06-22T00:00:00Z,2026-06-29T00:00:00Z,SPIKE,brawlBall,PinholePunt,mid,4109,2117,221,10200,61200,fixture-synthetic-v1
2026-07-01T00:00:00Z,2026-06-22T00:00:00Z,2026-06-29T00:00:00Z,CROW,brawlBall,PinholePunt,mid,3110,1518,136,10200,61200,fixture-synthetic-v1
2026-07-01T00:00:00Z,2026-06-22T00:00:00Z,2026-06-29T00:00:00Z,ELPRIMO,brawlBall,PinholePunt,mid,3440,1820,154,10200,61200,fixture-synthetic-v1
2026-07-01T00:00:00Z,2026-06-22T00:00:00Z,2026-06-29T00:00:00Z,PIPER,brawlBall,PinholePunt,mid,2393,1193,93,10200,61200,fixture-synthetic-v1
2026-07-01T00:00:00Z,2026-06-22T00:00:00Z,2026-06-29T00:00:00Z,SPIKE,brawlBall,PinholePunt,high,550,281,21,1648,9888,fixture-synthetic-v1
2026-07-01T00:00:00Z,2026-06-22T00:00:00Z,2026-06-29T00:00:00Z,CROW,brawlBall,PinholePunt,high,431,219,15,1648,9888,fixture-synthetic-v1
2026-07-01T00:00:00Z,2026-06-22T00:00:00Z,2026-06-29T00:00:00Z,ELPRIMO,brawlBall,PinholePunt,high,563,291,25,1648,9888,fixture-synthetic-v1
2026-07-01T00:00:00Z,2026-06-22T00:00:00Z,2026-06-29T00:00:00Z,PIPER,brawlBall,PinholePunt,high,467,219,16,1648,9888,fixture-synthetic-v1
2026-07-01T00:00:00Z,2026-06-22T00:00:00Z,2026-06-29T00:00:00Z,SPIKE,brawlBall,SneakySneak,low,2183,1044,96,5905,35430,fixture-synthetic-v1
2026-07-01T00:00:00Z,2026-06-22T00:00:00Z,2026-06-29T00:00:00Z,CROW,brawlBall,SneakySneak,low,1798,836,60,5905,35430,fixture-synthetic-v1
2026-07-01T00:00:00Z,2026-06-22T00:00:00Z,2026-06-29T00:00:00Z,ELPRIMO,brawlBall,SneakySneak,low,1925,1005,79,5905,35430,fixture-synthetic-v1
2026-07-01T00:00:00Z,2026-06-22T00:00:00Z,2026-06-29T00:00:00Z,PIPER,brawlBall,SneakySneak,low,1354,617,60,5905,35430,fixture-synthetic-v1
2026-07-01T00:00:00Z,2026-06-22T00:00:00Z,2026-06-29T00:00:00Z,SPIKE,brawlBall,SneakySneak,mid,4163,2065,198,10598,63588,fixture-synthetic-v1
2026-07-01T00:00:00Z,2026-06-22T00:00:00Z,2026-06-29T00:00:00Z,CROW,brawlBall,SneakySneak,mid,2699,1240,127,10598,63588,fixture-synthetic-v1
2026-07-01T00:00:00Z,2026-06-22T00:00:00Z,2026-06-29T00:00:00Z,ELPRIMO,brawlBall,SneakySneak,mid,3083,1602,133,10598,63588,fixture-synthetic-v1
2026-07-01T00:00:00Z,2026-06-22T00:00:00Z,2026-06-29T00:00:00Z,PIPER,brawlBall,SneakySneak,mid,2876,1341,133,10598,63588,fixture-synthetic-v1
2026-07-01T00:00:00Z,2026-06-22T00:00:00Z,2026-06-29T00:00:00Z,SPIKE,brawlBall,SneakySneak,high,455,228,20,1348,8088,fixture-synthetic-v1
2026-07-01T00:00:00Z,2026-06-22T00:00:00Z,2026-06-29T00:00:00Z,CROW,brawlBall,SneakySneak,high,416,197,18,1348,8088,fixture-synthetic-v1
2026-07-01T00:00:00Z,2026-06-22T00:00:00Z,2026-06-29T00:00:00Z,ELPRIMO,brawlBall,SneakySneak,high,429,203,21,1348,8088,fixture-synthetic-v1
2026-07-01T00:00:00Z,2026-06-22T00:00:00Z,2026-06-29T00:00:00Z,PIPER,brawlBall,SneakySneak,high,322,162,14,1348,8088,fixture-synthetic-v1
2026-07-01T00:00:00Z,2026-06-22T00:00:00Z,2026-06-29T00:00:00Z,SPIKE,gemGrab,HardRockMine,low,2264,1207,82,5659,33954,fixture-synthetic-v1
2026-07-01T00:00:00Z,2026-06-22T00:00:00Z,2026-06-29T00:00:00Z,CROW,gemGrab,HardRockMine,low,1518,751,55,5659,33954,fixture-synthetic-v1
2026-07-01T00:00:00Z,2026-06-22T00:00:00Z,2026-06-29T00:00:00Z,ELPRIMO,gemGrab,HardRockMine,low,1754,869,68,5659,33954,fixture-synthetic-v1
2026-07-01T00:00:00Z,2026-06-22T00:00:00Z,2026-06-29T00:00:00Z,PIPER,gemGrab,HardRockMine,low,1369,711,38,5659,33954,fixture-synthetic-v1
2026-07-01T00:00:00Z,2026-06-22T00:00:00Z,2026-06-29T00:00:00Z,SPIKE,gemGrab,HardRockMine,mid,3627,2001,114,9216,55296,fixture-synthetic-v1
2026-07-01T00:00:00Z,2026-06-22T00:00:00Z,2026-06-29T00:00:00Z,CROW,gemGrab,HardRockMine,mid,2605,1311,86,9216,55296,fixture-synthetic-v1
2026-07-01T00:00:00Z,2026-06-22T00:00:00Z,2026-06-29T00:00:00Z,ELPRIMO,gemGrab,HardRockMine,mid,3137,1569,86,9216,55296,fixture-synthetic-v1
2026-07-01T00:00:00Z,2026-06-22T00:00:00Z,2026-06-29T00:00:00Z,PIPER,gemGrab,HardRockMine,mid,2150,1122,85,9216,55296,fixture-synthetic-v1
2026-07-01T00:00:00Z,2026-06-22T00:00:00Z,2026-06-29T00:00:00Z,SPIKE,gemGrab,HardRockMine,high,571,330,19,1571,9426,fixture-synthetic-v1
2026-07-01T00:00:00Z,2026-06-22T00:00:00Z,2026-06-29T00:00:00Z,CROW,gemGrab,HardRockMine,high,428,216,18,1571,9426,fixture-synthetic-v1
2026-07-01T00:00:00Z,2026-06-22T00:00:00Z,2026-06-29T00:00:00Z,ELPRIMO,gemGrab,HardRockMine,high,525,243,16,1571,9426,fixture-synthetic-v1
2026-07-01T00:00:00Z,2026-06-22T00:00:00Z,2026-06-29T00:00:00Z,PIPER,gemGrab,HardRockMine,high,444,225,18,1571,9426,fixture-synthetic-v1
2026-07-01T00:00:00Z,2026-06-22T00:00:00Z,2026-06-29T00:00:00Z,SPIKE,gemGrab,DoubleSwoosh,low,2032,1063,61,5096,30576,fixture-synthetic-v1
2026-07-01T00:00:00Z,2026-06-22T00:00:00Z,2026-06-29T00:00:00Z,CROW,gemGrab,DoubleSwoosh,low,1533,730,44,5096,30576,fixture-synthetic-v1
2026-07-01T00:00:00Z,2026-06-22T00:00:00Z,2026-06-29T00:00:00Z,ELPRIMO,gemGrab,DoubleSwoosh,low,1723,838,82,5096,30576,fixture-synthetic-v1
2026-07-01T00:00:00Z,2026-06-22T00:00:00Z,2026-06-29T00:00:00Z,PIPER,gemGrab,DoubleSwoosh,low,1304,636,42,5096,30576,fixture-synthetic-v1
2026-07-01T00:00:00Z,2026-06-22T00:00:00Z,2026-06-29T00:00:00Z,SPIKE,gemGrab,DoubleSwoosh,mid,3146,1667,103,8161,48966,fixture-synthetic-v1
2026-07-01T00:00:00Z,2026-06-22T00:00:00Z,2026-06-29T00:00:00Z,CROW,gemGrab,DoubleSwoosh,mid,2373,1186,63,8161,48966,fixture-synthetic-v1
2026-07-01T00:00:00Z,2026-06-22T00:00:00Z,2026-06-29T00:00:00Z,ELPRIMO,gemGrab,DoubleSwoosh,mid,2817,1318,122,8161,48966,fixture-synthetic-v1
2026-07-01T00:00:00Z,2026-06-22T00:00:00Z,2026-06-29T00:00:00Z,PIPER,gemGrab,DoubleSwoosh,mid,2099,1030,71,8161,48966,fixture-synthetic-v1
2026-07-01T00:00:00Z,2026-06-22T00:00:00Z,2026-06-29T00:00:00Z,SPIKE,gemGrab,DoubleSwoosh,high,466,255,20,1247,7482,fixture-synthetic-v1
2026-07-01T00:00:00Z,2026-06-22T00:00:00Z,2026-06-29T00:00:00Z,CROW,gemGrab,DoubleSwoosh,high,328,171,18,1247,7482,fixture-synthetic-v1
2026-07-01T00:00:00Z,2026-06-22T00:00:00Z,2026-06-29T00:00:00Z,ELPRIMO,gemGrab,DoubleSwoosh,high,387,182,8,1247,7482,fixture-synthetic-v1
2026-07-01T00:00:00Z,2026-06-22T00:00:00Z,2026-06-29T00:00:00Z,PIPER,gemGrab,DoubleSwoosh,high,293,151,11,1247,7482,fixture-synthetic-v1
2026-07-01T00:00:00Z,2026-06-22T00:00:00Z,2026-06-29T00:00:00Z,SPIKE,gemGrab,UndermineGG,low,1658,860,63,4859,29154,fixture-synthetic-v1
2026-07-01T00:00:00Z,2026-06-22T00:00:00Z,2026-06-29T00:00:00Z,CROW,gemGrab,UndermineGG,low,1361,700,45,4859,29154,fixture-synthetic-v1
2026-07-01T00:00:00Z,2026-06-22T00:00:00Z,2026-06-29T00:00:00Z,ELPRIMO,gemGrab,UndermineGG,low,1680,816,71,4859,29154,fixture-synthetic-v1
2026-07-01T00:00:00Z,2026-06-22T00:00:00Z,2026-06-29T00:00:00Z,PIPER,gemGrab,UndermineGG,low,1123,529,41,4859,29154,fixture-synthetic-v1
2026-07-01T00:00:00Z,2026-06-22T00:00:00Z,2026-06-29T00:00:00Z,SPIKE,gemGrab,UndermineGG,mid,2875,1567,100,8345,50070,fixture-synthetic-v1
2026-07-01T00:00:00Z,2026-06-22T00:00:00Z,2026-06-29T00:00:00Z,CROW,gemGrab,UndermineGG,mid,2252,1161,60,8345,50070,fixture-synthetic-v1
2026-07-01T00:00:00Z,2026-06-22T00:00:00Z,2026-06-29T00:00:00Z,ELPRIMO,gemGrab,UndermineGG,mid,2943,1367,102,8345,50070,fixture-synthetic-v1
2026-07-01T00:00:00Z,2026-06-22T00:00:00Z,2026-06-29T00:00:00Z,PIPER,gemGrab,UndermineGG,mid,2132,1082,76,8345,50070,fixture-synthetic-v1
2026-07-01T00:00:00Z,2026-06-22T00:00:00Z,2026-06-29T00:00:00Z,SPIKE,gemGrab,UndermineGG,high,543,291,25,1337,8022,fixture-synthetic-v1
2026-07-01T00:00:00Z,2026-06-22T00:00:00Z,2026-06-29T00:00:00Z,CROW,gemGrab,UndermineGG,high,341,181,9,1337,8022,fixture-synthetic-v1
2026-07-01T00:00:00Z,2026-06-22T00:00:00Z,2026-06-29T00:00:00Z,ELPRIMO,gemGrab,UndermineGG,high,448,207,16,1337,8022,fixture-synthetic-v1
2026-07-01T00:00:00Z,2026-06-22T00:00:00Z,2026-06-29T00:00:00Z,PIPER,gemGrab,UndermineGG,high,344,186,10,1337,8022,fixture-synthetic-v1
2026-07-01T00:00:00Z,2026-06-22T00:00:00Z,2026-06-29T00:00:00Z,SPIKE,soloShowdown,SkullCreek,low,2632,966,245,4606,46060,fixture-synthetic-v1
2026-07-01T00:00:00Z,2026-06-22T00:00:00Z,2026-06-29T00:00:00Z,CROW,soloShowdown,SkullCreek,low,2033,744,211,4606,46060,fixture-synthetic-v1
2026-07-01T00:00:00Z,2026-06-22T00:00:00Z,2026-06-29T00:00:00Z,ELPRIMO,soloShowdown,SkullCreek,low,2511,889,224,4606,46060,fixture-synthetic-v1
2026-07-01T00:00:00Z,2026-06-22T00:00:00Z,2026-06-29T00:00:00Z,PIPER,soloShowdown,SkullCreek,low,2139,812,205,4606,46060,fixture-synthetic-v1
2026-07-01T00:00:00Z,2026-06-22T00:00:00Z,2026-06-29T00:00:00Z,SPIKE,soloShowdown,SkullCreek,mid,6750,2629,693,10425,104250,fixture-synthetic-v1
2026-07-01T00:00:00Z,2026-06-22T00:00:00Z,2026-06-29T00:00:00Z,CROW,soloShowdown,SkullCreek,mid,4592,1838,466,10425,104250,fixture-synthetic-v1
2026-07-01T00:00:00Z,2026-06-22T00:00:00Z,2026-06-29T00:00:00Z,ELPRIMO,soloShowdown,SkullCreek,mid,5969,2056,597,10425,104250,fixture-synthetic-v1
2026-07-01T00:00:00Z,2026-06-22T00:00:00Z,2026-06-29T00:00:00Z,PIPER,soloShowdown,SkullCreek,mid,4770,1698,505,10425,104250,fixture-synthetic-v1
2026-07-01T00:00:00Z,2026-06-22T00:00:00Z,2026-06-29T00:00:00Z,SPIKE,soloShowdown,SkullCreek,high,818,352,91,1316,13160,fixture-synthetic-v1
2026-07-01T00:00:00Z,2026-06-22T00:00:00Z,2026-06-29T00:00:00Z,CROW,soloShowdown,SkullCreek,high,589,243,52,1316,13160,fixture-synthetic-v1
2026-07-01T00:00:00Z,2026-06-22T00:00:00Z,2026-06-29T00:00:00Z,ELPRIMO,soloShowdown,SkullCreek,high,656,204,74,1316,13160,fixture-synthetic-v1
2026-07-01T00:00:00Z,2026-06-22T00:00:00Z,2026-06-29T00:00:00Z,PIPER,soloShowdown,SkullCreek,high,604,230,54,1316,13160,fixture-synthetic-v1
2026-07-01T00:00:00Z,2026-06-22T00:00:00Z,2026-06-29T00:00:00Z,SPIKE,soloShowdown,FeastOrFamine,low,2886,1023,278,5023,50230,fixture-synthetic-v1
2026-07-01T00:00:00Z,2026-06-22T00:00:00Z,2026-06-29T00:00:00Z,CROW,soloShowdown,FeastOrFamine,low,2448,943,232,5023,50230,fixture-synthetic-v1
2026-07-01T00:00:00Z,2026-06-22T00:00:00Z,2026-06-29T00:00:00Z,ELPRIMO,soloShowdown,FeastOrFamine,low,2512,855,259,5023,50230,fixture-synthetic-v1
2026-07-01T00:00:00Z,2026-06-22T00:00:00Z,2026-06-29T00:00:00Z,PIPER,soloShowdown,FeastOrFamine,low,2339,816,247,5023,50230,fixture-synthetic-v1
2026-07-01T00:00:00Z,2026-06-22T00:00:00Z,2026-06-29T00:00:00Z,SPIKE,soloShowdown,FeastOrFamine,mid,5199,1898,522,7771,77710,fixture-synthetic-v1
2026-07-01T00:00:00Z,2026-06-22T00:00:00Z,2026-06-29T00:00:00Z,CROW,soloShowdown,FeastOrFamine,mid,3940,1534,366,7771,77710,fixture-synthetic-v1
2026-07-01T00:00:00Z,2026-06-22T00:00:00Z,2026-06-29T00:00:00Z,ELPRIMO,soloShowdown,FeastOrFamine,mid,3936,1253,406,7771,77710,fixture-synthetic-v1
2026-07-01T00:00:00Z,2026-06-22T00:00:00Z,2026-06-29T00:00:00Z,PIPER,soloShowdown,FeastOrFamine,mid,3199,1103,355,7771,77710,fixture-synthetic-v1
2026-07-01T00:00:00Z,2026-06-22T00:00:00Z,2026-06-29T00:00:00Z,SPIKE,soloShowdown,FeastOrFamine,high,967,372,88,1563,15630,fixture-synthetic-v1
2026-07-01T00:00:00Z,2026-06-22T00:00:00Z,2026-06-29T00:00:00Z,CROW,soloShowdown,FeastOrFamine,high,734,310,69,1563,15630,fixture-synthetic-v1
2026-07-01T00:00:00Z,2026-06-22T00:00:00Z,2026-06-29T00:00:00Z,ELPRIMO,soloShowdown,FeastOrFamine,high,880,258,89,1563,15630,fixture-synthetic-v1
2026-07-01T00:00:00Z,2026-06-22T00:00:00Z,2026-06-29T00:00:00Z,PIPER,soloShowdown,FeastOrFamine,high,685,250,60,1563,15630,fixture-synthetic-v1
2026-07-01T00:00:00Z,2026-06-22T00:00:00Z,2026-06-29T00:00:00Z,SPIKE,soloShowdown,RockwallBrawl,low,3433,1141,353,5088,50880,fixture-synthetic-v1
2026-07-01T00:00:00Z,2026-06-22T00:00:00Z,2026-06-29T00:00:00Z,CROW,soloShowdown,RockwallBrawl,low,2370,945,226,5088,50880,fixture-synthetic-v1
2026-07-01T00:00:00Z,2026-06-22T00:00:00Z,2026-06-29T00:00:00Z,ELPRIMO,soloShowdown,RockwallBrawl,low,2794,995,274,5088,50880,fixture-synthetic-v1
2026-07-01T00:00:00Z,2026-06-22T00:00:00Z,2026-06-29T00:00:00Z,PIPER,soloShowdown,RockwallBrawl,low,2221,811,217,5088,50880,fixture-synthetic-v1
2026-07-01T00:00:00Z,2026-06-22T00:00:00Z,2026-06-29T00:00:00Z,SPIKE,soloShowdown,RockwallBrawl,mid,5666,2108,588,9777,97770,fixture-synthetic-v1
2026-07-01T00:00:00Z,2026-06-22T00:00:00Z,2026-06-29T00:00:00Z,CROW,soloShowdown,RockwallBrawl,mid,4489,1762,436,9777,97770,fixture-synthetic-v1
2026-07-01T00:00:00Z,2026-06-22T00:00:00Z,2026-06-29T00:00:00Z,ELPRIMO,soloShowdown,RockwallBrawl,mid,5743,1934,548,9777,97770,fixture-synthetic-v1
2026-07-01T00:00:00Z,2026-06-22T00:00:00Z,2026-06-29T00:00:00Z,PIPER,soloShowdown,RockwallBrawl,mid,4275,1556,436,9777,97770,fixture-synthetic-v1
2026-07-01T00:00:00Z,2026-06-22T00:00:00Z,2026-06-29T00:00:00Z,SPIKE,soloShowdown,RockwallBrawl,high,39,13,6,60,600,fixture-synthetic-v1
2026-07-01T00:00:00Z,2026-06-22T00:00:00Z,2026-06-29T00:00:00Z,CROW,soloShowdown,RockwallBrawl,high,25,14,1,60,600,fixture-synthetic-v1
2026-07-01T00:00:00Z,2026-06-22T00:00:00Z,2026-06-29T00:00:00Z,ELPRIMO,soloShowdown,RockwallBrawl,high,33,13,2,60,600,fixture-synthetic-v1
2026-07-01T00:00:00Z,2026-06-22T00:00:00Z,2026-06-29T00:00:00Z,PIPER,soloShowdown,RockwallBrawl,high,27,10,5,60,600,fixture-synthetic-v1
2026-07-08T00:00:00Z,2026-06-29T00:00:00Z,2026-07-06T00:00:00Z,SPIKE,brawlBall,BackyardBowl,low,2331,1093,108,5861,35166,fixture-synthetic-v1
2026-07-08T00:00:00Z,2026-06-29T00:00:00Z,2026-07-06T00:00:00Z,CROW,brawlBall,BackyardBowl,low,1563,714,62,5861,35166,fixture-synthetic-v1
2026-07-08T00:00:00Z,2026-06-29T00:00:00Z,2026-07-06T00:00:00Z,ELPRIMO,brawlBall,BackyardBowl,low,2103,1096,110,5861,35166,fixture-synthetic-v1
2026-07-08T00:00:00Z,2026-06-29T00:00:00Z,2026-07-06T00:00:00Z,PIPER,brawlBall,BackyardBowl,low,1673,766,73,5861,35166,fixture-synthetic-v1
2026-07-08T00:00:00Z,2026-06-29T00:00:00Z,2026-07-06T00:00:00Z,SPIKE,brawlBall,BackyardBowl,mid,3668,1827,181,9170,55020,fixture-synthetic-v1
2026-07-08T00:00:00Z,2026-06-29T00:00:00Z,2026-07-06T00:00:00Z,CROW,brawlBall,BackyardBowl,mid,2418,1136,95,9170,55020,fixture-synthetic-v1
2026-07-08T00:00:00Z,2026-06-29T00:00:00Z,2026-07-06T00:00:00Z,ELPRIMO,brawlBall,BackyardBowl,mid,3313,1731,155,9170,55020,fixture-synthetic-v1
2026-07-08T00:00:00Z,2026-06-29T00:00:00Z,2026-07-06T00:00:00Z,PIPER,brawlBall,BackyardBowl,mid,2188,1087,89,9170,55020,fixture-synthetic-v1
2026-07-08T00:00:00Z,2026-06-29T00:00:00Z,2026-07-06T00:00:00Z,SPIKE,brawlBall,BackyardBowl,high,451,240,20,1300,7800,fixture-synthetic-v1
2026-07-08T00:00:00Z,2026-06-29T00:00:00Z,2026-07-06T00:00:00Z,CROW,brawlBall,BackyardBowl,high,333,154,14,1300,7800,fixture-synthetic-v1
2026-07-08T00:00:00Z,2026-06-29T00:00:00Z,2026-07-06T00:00:00Z,ELPRIMO,brawlBall,BackyardBowl,high,379,182,21,1300,7800,fixture-synthetic-v1
2026-07-08T00:00:00Z,2026-06-29T00:00:00Z,2026-07-06T00:00:00Z,PIPER,brawlBall,BackyardBowl,high,346,162,19,1300,7800,fixture-synthetic-v1
2026-07-08T00:00:00Z,2026-06-29T00:00:00Z,2026-07-06T00:00:00Z,SPIKE,brawlBall,PinholePunt,low,2035,1066,72,5541,33246,fixture-synthetic-v1
2026-07-08T00:00:00Z,2026-06-29T00:00:00Z,2026-07-06T00:00:00Z,CROW,brawlBall,PinholePunt,low,1683,792,57,5541,33246,fixture-synthetic-v1
2026-07-08T00:00:00Z,2026-06-29T00:00:00Z,2026-07-06T00:00:00Z,ELPRIMO,brawlBall,PinholePunt,low,1851,1034,81,5541,33246,fixture-synthetic-v1
2026-07-08T00:00:00Z,2026-06-29T00:00:00Z,2026-07-06T00:00:00Z,PIPER,brawlBall,PinholePunt,low,1328,640,47,5541,33246,fixture-synthetic-v1
2026-07-08T00:00:00Z,2026-06-29T00:00:00Z,2026-07-06T00:00:00Z,SPIKE,brawlBall,PinholePunt,mid,4181,2205,169,10503,63018,fixture-synthetic-v1
2026-07-08T00:00:00Z,2026-06-29T00:00:00Z,2026-07-06T00:00:00Z,CROW,brawlBall,PinholePunt,mid,3172,1577,140,10503,63018,fixture-synthetic-v1
2026-07-08T00:00:00Z,2026-06-29T00:00:00Z,2026-07-06T00:00:00Z,ELPRIMO,brawlBall,PinholePunt,mid,3202,1716,147,10503,63018,fixture-synthetic-v1
2026-07-08T00:00:00Z,2026-06-29T00:00:00Z,2026-07-06T00:00:00Z,PIPER,brawlBall,PinholePunt,mid,2789,1355,122,10503,63018,fixture-synthetic-v1
2026-07-08T00:00:00Z,2026-06-29T00:00:00Z,2026-07-06T00:00:00Z,SPIKE,brawlBall,PinholePunt,high,456,230,18,1271,7626,fixture-synthetic-v1
2026-07-08T00:00:00Z,2026-06-29T00:00:00Z,2026-07-06T00:00:00Z,CROW,brawlBall,PinholePunt,high,387,192,19,1271,7626,fixture-synthetic-v1
2026-07-08T00:00:00Z,2026-06-29T00:00:00Z,2026-07-06T00:00:00Z,ELPRIMO,brawlBall,PinholePunt,high,443,219,24,1271,7626,fixture-synthetic-v1
2026-07-08T00:00:00Z,2026-06-29T00:00:00Z,2026-07-06T00:00:00Z,PIPER,brawlBall,PinholePunt,high,347,171,18,1271,7626,fixture-synthetic-v1
2026-07-08T00:00:00Z,2026-06-29T00:00:00Z,2026-07-06T00:00:00Z,SPIKE,brawlBall,SneakySneak,low,1807,869,99,5252,31512,fixture-synthetic-v1
2026-07-08T00:00:00Z,2026-06-29T00:00:00Z,2026-07-06T00:00:00Z,CROW,brawlBall,SneakySneak,low,1589,720,88,5252,31512,fixture-synthetic-v1
2026-07-08T00:00:00Z,2026-06-29T00:00:00Z,2026-07-06T00:00:00Z,ELPRIMO,brawlBall,SneakySneak,low,1582,848,64,5252,31512,fixture-synthetic-v1
2026-07-08T00:00:00Z,2026-06-29T00:00:00Z,2026-07-06T00:00:00Z,PIPER,brawlBall,SneakySneak,low,1248,589,51,5252,31512,fixture-synthetic-v1
2026-07-08T00:00:00Z,2026-06-29T00:00:00Z,2026-07-06T00:00:00Z,SPIKE,brawlBall,SneakySneak,mid,3098,1540,118,7853,47118,fixture-synthetic-v1
2026-07-08T00:00:00Z,2026-06-29T00:00:00Z,2026-07-06T00:00:00Z,CROW,brawlBall,SneakySneak,mid,2414,1101,118,7853,47118,fixture-synthetic-v1
2026-07-08T00:00:00Z,2026-06-29T00:00:00Z,2026-07-06T00:00:00Z,ELPRIMO,brawlBall,SneakySneak,mid,2702,1440,101,7853,47118,fixture-synthetic-v1
2026-07-08T00:00:00Z,2026-06-29T00:00:00Z,2026-07-06T00:00:00Z,PIPER,brawlBall,SneakySneak,mid,1937,901,95,7853,47118,fixture-synthetic-v1
2026-07-08T00:00:00Z,2026-06-29T00:00:00Z,2026-07-06T00:00:00Z,SPIKE,brawlBall,SneakySneak,high,522,264,24,1590,9540,fixture-synthetic-v1
2026-07-08T00:00:00Z,2026-06-29T00:00:00Z,2026-07-06T00:00:00Z,CROW,brawlBall,SneakySneak,high,412,196,17,1590,9540,fixture-synthetic-v1
2026-07-08T00:00:00Z,2026-06-29T00:00:00Z,2026-07-06T00:00:00Z,ELPRIMO,brawlBall,SneakySneak,high,496,234,25,1590,9540,fixture-synthetic-v1
2026-07-08T00:00:00Z,2026-06-29T00:00:00Z,2026-07-06T00:00:00Z,PIPER,brawlBall,SneakySneak,high,417,211,18,1590,9540,fixture-synthetic-v1
2026-07-08T00:00:00Z,2026-06-29T00:00:00Z,2026-07-06T00:00:00Z,SPIKE,gemGrab,HardRockMine,low,1754,958,57,5401,32406,fixture-synthetic-v1
2026-07-08T00:00:00Z,2026-06-29T00:00:00Z,2026-07-06T00:00:00Z,CROW,gemGrab,HardRockMine,low,1460,719,45,5401,32406,fixture-synthetic-v1
2026-07-08T00:00:00Z,2026-06-29T00:00:00Z,2026-07-06T00:00:00Z,ELPRIMO,gemGrab,HardRockMine,low,1738,881,47,5401,32406,fixture-synthetic-v1
2026-07-08T00:00:00Z,2026-06-29T00:00:00Z,2026-07-06T00:00:00Z,PIPER,gemGrab,HardRockMine,low,1338,705,43,5401,32406,fixture-synthetic-v1
2026-07-08T00:00:00Z,2026-06-29T00:00:00Z,2026-07-06T00:00:00Z,SPIKE,gemGrab,HardRockMine,mid,3124,1721,101,8396,50376,fixture-synthetic-v1
2026-07-08T00:00:00Z,2026-06-29T00:00:00Z,2026-07-06T00:00:00Z,CROW,gemGrab,HardRockMine,mid,2650,1350,103,8396,50376,fixture-synthetic-v1
2026-07-08T00:00:00Z,2026-06-29T00:00:00Z,2026-07-06T00:00:00Z,ELPRIMO,gemGrab,HardRockMine,mid,2563,1233,90,8396,50376,fixture-synthetic-v1
2026-07-08T00:00:00Z,2026-06-29T00:00:00Z,2026-07-06T00:00:00Z,PIPER,gemGrab,HardRockMine,mid,2226,1118,88,8396,50376,fixture-synthetic-v1
2026-07-08T00:00:00Z,2026-06-29T00:00:00Z,2026-07-06T00:00:00Z,SPIKE,gemGrab,HardRockMine,high,543,332,10,1593,9558,fixture-synthetic-v1
2026-07-08T00:00:00Z,2026-06-29T00:00:00Z,2026-07-06T00:00:00Z,CROW,gemGrab,HardRockMine,high,479,249,25,1593,9558,fixture-synthetic-v1
2026-07-08T00:00:00Z,2026-06-29T00:00:00Z,2026-07-06T00:00:00Z,ELPRIMO,gemGrab,HardRockMine,high,496,239,21,1593,9558,fixture-synthetic-v1
2026-07-08T00:00:00Z,2026-06-29T00:00:00Z,2026-07-06T00:00:00Z,PIPER,gemGrab,HardRockMine,high,415,226,10,1593,9558,fixture-synthetic-v1
2026-07-08T00:00:00Z,2026-06-29T00:00:00Z,2026-07-06T00:00:00Z,SPIKE,gemGrab,DoubleSwoosh,low,2001,1003,71,5633,33798,fixture-synthetic-v1
2026-07-08T00:00:00Z,2026-06-29T00:00:00Z,2026-07-06T00:00:00Z,CROW,gemGrab,DoubleSwoosh,low,1705,853,49,5633,33798,fixture-synthetic-v1
2026-07-08T00:00:00Z,2026-06-29T00:00:00Z,2026-07-06T00:00:00Z,ELPRIMO,gemGrab,DoubleSwoosh,low,1891,952,69,5633,33798,fixture-synthetic-v1
2026-07-08T00:00:00Z,2026-06-29T00:00:00Z,2026-07-06T00:00:00Z,PIPER,gemGrab,DoubleSwoosh,low,1585,778,53,5633,33798,fixture-synthetic-v1
2026-07-08T00:00:00Z,2026-06-29T00:00:00Z,2026-07-06T00:00:00Z,SPIKE,gemGrab,DoubleSwoosh,mid,2928,1571,96,8186,49116,fixture-synthetic-v1
2026-07-08T00:00:00Z,2026-06-29T00:00:00Z,2026-07-06T00:00:00Z,CROW,gemGrab,DoubleSwoosh,mid,2184,1081,83,8186,49116,fixture-synthetic-v1
2026-07-08T00:00:00Z,2026-06-29T00:00:00Z,2026-07-06T00:00:00Z,ELPRIMO,gemGrab,DoubleSwoosh,mid,2703,1268,87,8186,49116,fixture-synthetic-v1
2026-07-08T00:00:00Z,2026-06-29T00:00:00Z,2026-07-06T00:00:00Z,PIPER,gemGrab,DoubleSwoosh,mid,2202,1070,73,8186,49116,fixture-synthetic-v1
2026-07-08T00:00:00Z,2026-06-29T00:00:00Z,2026-07-06T00:00:00Z,SPIKE,gemGrab,DoubleSwoosh,high,494,268,17,1285,7710,fixture-synthetic-v1
2026-07-08T00:00:00Z,2026-06-29T00:00:00Z,2026-07-06T00:00:00Z,CROW,gemGrab,DoubleSwoosh,high,361,194,10,1285,7710,fixture-synthetic-v1
2026-07-08T00:00:00Z,2026-06-29T00:00:00Z,2026-07-06T00:00:00Z,ELPRIMO,gemGrab,DoubleSwoosh,high,440,194,15,1285,7710,fixture-synthetic-v1
2026-07-08T00:00:00Z,2026-06-29T00:00:00Z,2026-07-06T00:00:00Z,PIPER,gemGrab,DoubleSwoosh,high,294,151,7,1285,7710,fixture-synthetic-v1
2026-07-08T00:00:00Z,2026-06-29T00:00:00Z,2026-07-06T00:00:00Z,SPIKE,gemGrab,UndermineGG,low,1545,829,59,4440,26640,fixture-synthetic-v1
2026-07-08T00:00:00Z,2026-06-29T00:00:00Z,2026-07-06T00:00:00Z,CROW,gemGrab,UndermineGG,low,1127,548,36,4440,26640,fixture-synthetic-v1
2026-07-08T00:00:00Z,2026-06-29T00:00:00Z,2026-07-06T00:00:00Z,ELPRIMO,gemGrab,UndermineGG,low,1364,652,44,4440,26640,fixture-synthetic-v1
2026-07-08T00:00:00Z,2026-06-29T00:00:00Z,2026-07-06T00:00:00Z,PIPER,gemGrab,UndermineGG,low,1085,549,41,4440,26640,fixture-synthetic-v1
2026-07-08T00:00:00Z,2026-06-29T00:00:00Z,2026-07-06T00:00:00Z,SPIKE,gemGrab,UndermineGG,mid,3857,2134,117,9456,56736,fixture-synthetic-v1
2026-07-08T00:00:00Z,2026-06-29T00:00:00Z,2026-07-06T00:00:00Z,CROW,gemGrab,UndermineGG,mid,2978,1425,109,9456,56736,fixture-synthetic-v1
2026-07-08T00:00:00Z,2026-06-29T00:00:00Z,2026-07-06T00:00:00Z,ELPRIMO,gemGrab,UndermineGG,mid,3436,1604,111,9456,56736,fixture-synthetic-v1
2026-07-08T00:00:00Z,2026-06-29T00:00:00Z,2026-07-06T00:00:00Z,PIPER,gemGrab,UndermineGG,mid,2446,1243,74,9456,56736,fixture-synthetic-v1
2026-07-08T00:00:00Z,2026-06-29T00:00:00Z,2026-07-06T00:00:00Z,SPIKE,gemGrab,UndermineGG,high,544,301,15,1414,8484,fixture-synthetic-v1
2026-07-08T00:00:00Z,2026-06-29T00:00:00Z,2026-07-06T00:00:00Z,CROW,gemGrab,UndermineGG,high,405,191,18,1414,8484,fixture-synthetic-v1
2026-07-08T00:00:00Z,2026-06-29T00:00:00Z,2026-07-06T00:00:00Z,ELPRIMO,gemGrab,UndermineGG,high,425,197,16,1414,8484,fixture-synthetic-v1
2026-07-08T00:00:00Z,2026-06-29T00:00:00Z,2026-07-06T00:00:00Z,PIPER,gemGrab,UndermineGG,high,406,213,14,1414,8484,fixture-synthetic-v1
2026-07-08T00:00:00Z,2026-06-29T00:00:00Z,2026-07-06T00:00:00Z,SPIKE,soloShowdown,SkullCreek,low,3597,1299,340,5429,54290,fixture-synthetic-v1
2026-07-08T00:00:00Z,2026-06-29T00:00:00Z,2026-07-06T00:00:00Z,CROW,soloShowdown,SkullCreek,low,2309,898,228,5429,54290,fixture-synthetic-v1
2026-07-08T00:00:00Z,2026-06-29T00:00:00Z,2026-07-06T00:00:00Z,ELPRIMO,soloShowdown,SkullCreek,low,2687,990,279,5429,54290,fixture-synthetic-v1
2026-07-08T00:00:00Z,2026-06-29T00:00:00Z,2026-07-06T00:00:00Z,PIPER,soloShowdown,SkullCreek,low,2282,848,206,5429,54290,fixture-synthetic-v1
2026-07-08T00:00:00Z,2026-06-29T00:00:00Z,2026-07-06T00:00:00Z,SPIKE,soloShowdown,SkullCreek,mid,6200,2328,607,10381,103810,fixture-synthetic-v1
2026-07-08T00:00:00Z,2026-06-29T00:00:00Z,2026-07-06T00:00:00Z,CROW,soloShowdown,SkullCreek,mid,4990,2014,512,10381,103810,fixture-synthetic-v1
2026-07-08T00:00:00Z,2026-06-29T00:00:00Z,2026-07-06T00:00:00Z,ELPRIMO,soloShowdown,SkullCreek,mid,6251,2165,600,10381,103810,fixture-synthetic-v1
2026-07-08T00:00:00Z,2026-06-29T00:00:00Z,2026-07-06T00:00:00Z,PIPER,soloShowdown,SkullCreek,mid,4443,1658,436,10381,103810,fixture-synthetic-v1
2026-07-08T00:00:00Z,2026-06-29T00:00:00Z,2026-07-06T00:00:00Z,SPIKE,soloShowdown,SkullCreek,high,684,258,67,1242,12420,fixture-synthetic-v1
2026-07-08T00:00:00Z,2026-06-29T00:00:00Z,2026-07-06T00:00:00Z,CROW,soloShowdown,SkullCreek,high,604,261,60,1242,12420,fixture-synthetic-v1
2026-07-08T00:00:00Z,2026-06-29T00:00:00Z,2026-07-06T00:00:00Z,ELPRIMO,soloShowdown,SkullCreek,high,617,195,63,1242,12420,fixture-synthetic-v1
2026-07-08T00:00:00Z,2026-06-29T00:00:00Z,2026-07-06T00:00:00Z,PIPER,soloShowdown,SkullCreek,high,548,201,70,1242,12420,fixture-synthetic-v1
2026-07-08T00:00:00Z,2026-06-29T00:00:00Z,2026-07-06T00:00:00Z,SPIKE,soloShowdown,FeastOrFamine,low,3436,1152,356,5728,57280,fixture-synthetic-v1
2026-07-08T00:00:00Z,2026-06-29T00:00:00Z,2026-07-06T00:00:00Z,CROW,soloShowdown,FeastOrFamine,low,2892,1033,307,5728,57280,fixture-synthetic-v1
2026-07-08T00:00:00Z,2026-06-29T00:00:00Z,2026-07-06T00:00:00Z,ELPRIMO,soloShowdown,FeastOrFamine,low,3081,1037,291,5728,57280,fixture-synthetic-v1
2026-07-08T00:00:00Z,2026-06-29T00:00:00Z,2026-07-06T00:00:00Z,PIPER,soloShowdown,FeastOrFamine,low,2451,869,216,5728,57280,fixture-synthetic-v1
2026-07-08T00:00:00Z,2026-06-29T00:00:00Z,2026-07-06T00:00:00Z,SPIKE,soloShowdown,FeastOrFamine,mid,5892,2111,600,9216,92160,fixture-synthetic-v1
2026-07-08T00:00:00Z,2026-06-29T00:00:00Z,2026-07-06T00:00:00Z,CROW,soloShowdown,FeastOrFamine,mid,3917,1459,378,9216,92160,fixture-synthetic-v1
2026-07-08T00:00:00Z,2026-06-29T00:00:00Z,2026-07-06T00:00:00Z,ELPRIMO,soloShowdown,FeastOrFamine,mid,5617,1830,556,9216,92160,fixture-synthetic-v1
2026-07-08T00:00:00Z,2026-06-29T00:00:00Z,2026-07-06T00:00:00Z,PIPER,soloShowdown,FeastOrFamine,mid,3492,1230,340,9216,92160,fixture-synthetic-v1
2026-07-08T00:00:00Z,2026-06-29T00:00:00Z,2026-07-06T00:00:00Z,SPIKE,soloShowdown,FeastOrFamine,high,1100,381,116,1614,16140,fixture-synthetic-v1
2026-07-08T00:00:00Z,2026-06-29T00:00:00Z,2026-07-06T00:00:00Z,CROW,soloShowdown,FeastOrFamine,high,815,319,83,1614,16140,fixture-synthetic-v1
2026-07-08T00:00:00Z,2026-06-29T00:00:00Z,2026-07-06T00:00:00Z,ELPRIMO,soloShowdown,FeastOrFamine,high,853,275,80,1614,16140,fixture-synthetic-v1
2026-07-08T00:00:00Z,2026-06-29T00:00:00Z,2026-07-06T00:00:00Z,PIPER,soloShowdown,FeastOrFamine,high,679,240,64,1614,16140,fixture-synthetic-v1
2026-07-08T00:00:00Z,2026-06-29T00:00:00Z,2026-07-06T00:00:00Z,SPIKE,soloShowdown,RockwallBrawl,low,3008,1085,308,5041,50410,fixture-synthetic-v1
2026-07-08T00:00:00Z,2026-06-29T00:00:00Z,2026-07-06T00:00:00Z,CROW,soloShowdown,RockwallBrawl,low,2569,998,235,5041,50410,fixture-synthetic-v1
2026-07-08T00:00:00Z,2026-06-29T00:00:00Z,2026-07-06T00:00:00Z,ELPRIMO,soloShowdown,RockwallBrawl,low,2882,1000,291,5041,50410,fixture-synthetic-v1
2026-07-08T00:00:00Z,2026-06-29T00:00:00Z,2026-07-06T00:00:00Z,PIPER,soloShowdown,RockwallBrawl,low,2082,757,199,5041,50410,fixture-synthetic-v1
2026-07-08T00:00:00Z,2026-06-29T00:00:00Z,2026-07-06T00:00:00Z,SPIKE,soloShowdown,RockwallBrawl,mid,6065,2238,640,10563,105630,fixture-synthetic-v1
2026-07-08T00:00:00Z,2026-06-29T00:00:00Z,2026-07-06T00:00:00Z,CROW,soloShowdown,RockwallBrawl,mid,5319,2185,546,10563,105630,fixture-synthetic-v1
2026-07-08T00:00:00Z,2026-06-29T00:00:00Z,2026-07-06T00:00:00Z,ELPRIMO,soloShowdown,RockwallBrawl,mid,5246,1828,517,10563,105630,fixture-synthetic-v1
2026-07-08T00:00:00Z,2026-06-29T00:00:00Z,2026-07-06T00:00:00Z,PIPER,soloShowdown,RockwallBrawl,mid,4177,1574,413,10563,105630,fixture-synthetic-v1
2026-07-08T00:00:00Z,2026-06-29T00:00:00Z,2026-07-06T00:00:00Z,SPIKE,soloShowdown,RockwallBrawl,high,21,10,1,37,370,fixture-synthetic-v1
2026-07-08T00:00:00Z,2026-06-29T00:00:00Z,2026-07-06T00:00:00Z,CROW,soloShowdown,RockwallBrawl,high,19,7,1,37,370,fixture-synthetic-v1
2026-07-08T00:00:00Z,2026-06-29T00:00:00Z,2026-07-06T00:00:00Z,ELPRIMO,soloShowdown,RockwallBrawl,high,19,6,4,37,370,fixture-synthetic-v1
2026-07-08T00:00:00Z,2026-06-29T00:00:00Z,2026-07-06T00:00:00Z,PIPER,soloShowdown,RockwallBrawl,high,16,6,2,37,370,fixture-synthetic-v1
2026-07-15T00:00:00Z,2026-07-06T00:00:00Z,2026-07-13T00:00:00Z,SPIKE,brawlBall,BackyardBowl,low,2170,1081,100,5905,35430,fixture-synthetic-v1
2026-07-15T00:00:00Z,2026-07-06T00:00:00Z,2026-07-13T00:00:00Z,CROW,brawlBall,BackyardBowl,low,1786,774,86,5905,35430,fixture-synthetic-v1
2026-07-15T00:00:00Z,2026-07-06T00:00:00Z,2026-07-13T00:00:00Z,ELPRIMO,brawlBall,BackyardBowl,low,2133,1133,101,5905,35430,fixture-synthetic-v1
2026-07-15T00:00:00Z,2026-07-06T00:00:00Z,2026-07-13T00:00:00Z,PIPER,brawlBall,BackyardBowl,low,1681,801,73,5905,35430,fixture-synthetic-v1
2026-07-15T00:00:00Z,2026-07-06T00:00:00Z,2026-07-13T00:00:00Z,SPIKE,brawlBall,BackyardBowl,mid,3543,1771,173,9292,55752,fixture-synthetic-v1
2026-07-15T00:00:00Z,2026-07-06T00:00:00Z,2026-07-13T00:00:00Z,CROW,brawlBall,BackyardBowl,mid,2725,1218,142,9292,55752,fixture-synthetic-v1
2026-07-15T00:00:00Z,2026-07-06T00:00:00Z,2026-07-13T00:00:00Z,ELPRIMO,brawlBall,BackyardBowl,mid,3014,1543,137,9292,55752,fixture-synthetic-v1
2026-07-15T00:00:00Z,2026-07-06T00:00:00Z,2026-07-13T00:00:00Z,PIPER,brawlBall,BackyardBowl,mid,2634,1251,117,9292,55752,fixture-synthetic-v1
2026-07-15T00:00:00Z,2026-07-06T00:00:00Z,2026-07-13T00:00:00Z,SPIKE,brawlBall,BackyardBowl,high,504,246,24,1424,8544,fixture-synthetic-v1
2026-07-15T00:00:00Z,2026-07-06T00:00:00Z,2026-07-13T00:00:00Z,CROW,brawlBall,BackyardBowl,high,379,177,18,1424,8544,fixture-synthetic-v1
2026-07-15T00:00:00Z,2026-07-06T00:00:00Z,2026-07-13T00:00:00Z,ELPRIMO,brawlBall,BackyardBowl,high,425,210,24,1424,8544,fixture-synthetic-v1
2026-07-15T00:00:00Z,2026-07-06T00:00:00Z,2026-07-13T00:00:00Z,PIPER,brawlBall,BackyardBowl,high,371,159,15,1424,8544,fixture-synthetic-v1
2026-07-15T00:00:00Z,2026-07-06T00:00:00Z,2026-07-13T00:00:00Z,SPIKE,brawlBall,PinholePunt,low,1660,823,99,4621,27726,fixture-synthetic-v1
2026-07-15T00:00:00Z,2026-07-06T00:00:00Z,2026-07-13T00:00:00Z,CROW,brawlBall,PinholePunt,low,1246,563,51,4621,27726,fixture-synthetic-v1
2026-07-15T00:00:00Z,2026-07-06T00:00:00Z,2026-07-13T00:00:00Z,ELPRIMO,brawlBall,PinholePunt,low,1667,953,74,4621,27726,fixture-synthetic-v1
2026-07-15T00:00:00Z,2026-07-06T00:00:00Z,2026-07-13T00:00:00Z,PIPER,brawlBall,PinholePunt,low,1078,522,47,4621,27726,fixture-synthetic-v1
2026-07-15T00:00:00Z,2026-07-06T00:00:00Z,2026-07-13T00:00:00Z,SPIKE,brawlBall,PinholePunt,mid,3288,1726,154,9873,59238,fixture-synthetic-v1
2026-07-15T00:00:00Z,2026-07-06T00:00:00Z,2026-07-13T00:00:00Z,CROW,brawlBall,PinholePunt,mid,2903,1370,144,9873,59238,fixture-synthetic-v1
2026-07-15T00:00:00Z,2026-07-06T00:00:00Z,2026-07-13T00:00:00Z,ELPRIMO,brawlBall,PinholePunt,mid,2954,1617,146,9873,59238,fixture-synthetic-v1
2026-07-15T00:00:00Z,2026-07-06T00:00:00Z,2026-07-13T00:00:00Z,PIPER,brawlBall,PinholePunt,mid,2588,1250,128,9873,59238,fixture-synthetic-v1
2026-07-15T00:00:00Z,2026-07-06T00:00:00Z,2026-07-13T00:00:00Z,SPIKE,brawlBall,PinholePunt,high,474,249,18,1184,7104,fixture-synthetic-v1
2026-07-15T00:00:00Z,2026-07-06T00:00:00Z,2026-07-13T00:00:00Z,CROW,brawlBall,PinholePunt,high,355,186,18,1184,7104,fixture-synthetic-v1
2026-07-15T00:00:00Z,2026-07-06T00:00:00Z,2026-07-13T00:00:00Z,ELPRIMO,brawlBall,PinholePunt,high,357,174,17,1184,7104,fixture-synthetic-v1
2026-07-15T00:00:00Z,2026-07-06T00:00:00Z,2026-07-13T00:00:00Z,PIPER,brawlBall,PinholePunt,high,277,137,13,1184,7104,fixture-synthetic-v1
2026-07-15T00:00:00Z,2026-07-06T00:00:00Z,2026-07-13T00:00:00Z,SPIKE,brawlBall,SneakySneak,low,1868,871,80,4780,28680,fixture-synthetic-v1
2026-07-15T00:00:00Z,2026-07-06T00:00:00Z,2026-07-13T00:00:00Z,CROW,brawlBall,SneakySneak,low,1224,532,44,4780,28680,fixture-synthetic-v1
2026-07-15T00:00:00Z,2026-07-06T00:00:00Z,2026-07-13T00:00:00Z,ELPRIMO,brawlBall,SneakySneak,low,1404,737,64,4780,28680,fixture-synthetic-v1
2026-07-15T00:00:00Z,2026-07-06T00:00:00Z,2026-07-13T00:00:00Z,PIPER,brawlBall,SneakySneak,low,1150,535,51,4780,28680,fixture-synthetic-v1
2026-07-15T00:00:00Z,2026-07-06T00:00:00Z,2026-07-13T00:00:00Z,SPIKE,brawlBall,SneakySneak,mid,3760,1892,150,9644,57864,fixture-synthetic-v1
2026-07-15T00:00:00Z,2026-07-06T00:00:00Z,2026-07-13T00:00:00Z,CROW,brawlBall,SneakySneak,mid,2765,1320,112,9644,57864,fixture-synthetic-v1
2026-07-15T00:00:00Z,2026-07-06T00:00:00Z,2026-07-13T00:00:00Z,ELPRIMO,brawlBall,SneakySneak,mid,2986,1536,130,9644,57864,fixture-synthetic-v1
2026-07-15T00:00:00Z,2026-07-06T00:00:00Z,2026-07-13T00:00:00Z,PIPER,brawlBall,SneakySneak,mid,2551,1228,105,9644,57864,fixture-synthetic-v1
2026-07-15T00:00:00Z,2026-07-06T00:00:00Z,2026-07-13T00:00:00Z,SPIKE,brawlBall,SneakySneak,high,442,218,13,1276,7656,fixture-synthetic-v1
2026-07-15T00:00:00Z,2026-07-06T00:00:00Z,2026-07-13T00:00:00Z,CROW,brawlBall,SneakySneak,high,356,168,17,1276,7656,fixture-synthetic-v1
2026-07-15T00:00:00Z,2026-07-06T00:00:00Z,2026-07-13T00:00:00Z,ELPRIMO,brawlBall,SneakySneak,high,399,219,23,1276,7656,fixture-synthetic-v1
2026-07-15T00:00:00Z,2026-07-06T00:00:00Z,2026-07-13T00:00:00Z,PIPER,brawlBall,SneakySneak,high,347,165,17,1276,7656,fixture-synthetic-v1
2026-07-15T00:00:00Z,2026-07-06T00:00:00Z,2026-07-13T00:00:00Z,SPIKE,gemGrab,HardRockMine,low,1611,844,68,4454,26724,fixture-synthetic-v1
2026-07-15T00:00:00Z,2026-07-06T00:00:00Z,2026-07-13T00:00:00Z,CROW,gemGrab,HardRockMine,low,1228,600,48,4454,26724,fixture-synthetic-v1
2026-07-15T00:00:00Z,2026-07-06T00:00:00Z,2026-07-13T00:00:00Z,ELPRIMO,gemGrab,HardRockMine,low,1401,688,59,4454,26724,fixture-synthetic-v1
2026-07-15T00:00:00Z,2026-07-06T00:00:00Z,2026-07-13T00:00:00Z,PIPER,gemGrab,HardRockMine,low,1121,545,39,4454,26724,fixture-synthetic-v1
2026-07-15T00:00:00Z,2026-07-06T00:00:00Z,2026-07-13T00:00:00Z,SPIKE,gemGrab,HardRockMine,mid,3438,1942,100,9731,58386,fixture-synthetic-v1
2026-07-15T00:00:00Z,2026-07-06T00:00:00Z,2026-07-13T00:00:00Z,CROW,gemGrab,HardRockMine,mid,2826,1462,91,9731,58386,fixture-synthetic-v1
2026-07-15T00:00:00Z,2026-07-06T00:00:00Z,2026-07-13T00:00:00Z,ELPRIMO,gemGrab,HardRockMine,mid,3055,1505,113,9731,58386,fixture-synthetic-v1
2026-07-15T00:00:00Z,2026-07-06T00:00:00Z,2026-07-13T00:00:00Z,PIPER,gemGrab,HardRockMine,mid,2407,1266,76,9731,58386,fixture-synthetic-v1
2026-07-15T00:00:00Z,2026-07-06T00:00:00Z,2026-07-13T00:00:00Z,SPIKE,gemGrab,HardRockMine,high,418,241,13,1166,6996,fixture-synthetic-v1
2026-07-15T00:00:00Z,2026-07-06T00:00:00Z,2026-07-13T00:00:00Z,CROW,gemGrab,HardRockMine,high,338,185,13,1166,6996,fixture-synthetic-v1
2026-07-15T00:00:00Z,2026-07-06T00:00:00Z,2026-07-13T00:00:00Z,ELPRIMO,gemGrab,HardRockMine,high,362,169,9,1166,6996,fixture-synthetic-v1
2026-07-15T00:00:00Z,2026-07-06T00:00:00Z,2026-07-13T00:00:00Z,PIPER,gemGrab,HardRockMine,high,327,165,10,1166,6996,fixture-synthetic-v1
2026-07-15T00:00:00Z,2026-07-06T00:00:00Z,2026-07-13T00:00:00Z,SPIKE,gemGrab,DoubleSwoosh,low,1692,844,51,4910,29460,fixture-synthetic-v1
2026-07-15T00:00:00Z,2026-07-06T00:00:00Z,2026-07-13T00:00:00Z,CROW,gemGrab,DoubleSwoosh,low,1331,660,48,4910,29460,fixture-synthetic-v1
2026-07-15T00:00:00Z,2026-07-06T00:00:00Z,2026-07-13T00:00:00Z,ELPRIMO,gemGrab,DoubleSwoosh,low,1538,743,57,4910,29460,fixture-synthetic-v1
2026-07-15T00:00:00Z,2026-07-06T00:00:00Z,2026-07-13T00:00:00Z,PIPER,gemGrab,DoubleSwoosh,low,1264,648,42,4910,29460,fixture-synthetic-v1
2026-07-15T00:00:00Z,2026-07-06T00:00:00Z,2026-07-13T00:00:00Z,SPIKE,gemGrab,DoubleSwoosh,mid,2798,1443,104,8154,48924,fixture-synthetic-v1
2026-07-15T00:00:00Z,2026-07-06T00:00:00Z,2026-07-13T00:00:00Z,CROW,gemGrab,DoubleSwoosh,mid,2121,996,78,8154,48924,fixture-synthetic-v1
2026-07-15T00:00:00Z,2026-07-06T00:00:00Z,2026-07-13T00:00:00Z,ELPRIMO,gemGrab,DoubleSwoosh,mid,2391,1148,85,8154,48924,fixture-synthetic-v1
2026-07-15T00:00:00Z,2026-07-06T00:00:00Z,2026-07-13T00:00:00Z,PIPER,gemGrab,DoubleSwoosh,mid,2053,1048,71,8154,48924,fixture-synthetic-v1
2026-07-15T00:00:00Z,2026-07-06T00:00:00Z,2026-07-13T00:00:00Z,SPIKE,gemGrab,DoubleSwoosh,high,504,267,16,1269,7614,fixture-synthetic-v1
2026-07-15T00:00:00Z,2026-07-06T00:00:00Z,2026-07-13T00:00:00Z,CROW,gemGrab,DoubleSwoosh,high,404,186,17,1269,7614,fixture-synthetic-v1
2026-07-15T00:00:00Z,2026-07-06T00:00:00Z,2026-07-13T00:00:00Z,ELPRIMO,gemGrab,DoubleSwoosh,high,421,192,14,1269,7614,fixture-synthetic-v1
2026-07-15T00:00:00Z,2026-07-06T00:00:00Z,2026-07-13T00:00:00Z,PIPER,gemGrab,DoubleSwoosh,high,315,145,8,1269,7614,fixture-synthetic-v1
2026-07-15T00:00:00Z,2026-07-06T00:00:00Z,2026-07-13T00:00:00Z,SPIKE,gemGrab,UndermineGG,low,1492,808,45,4429,26574,fixture-synthetic-v1
2026-07-15T00:00:00Z,2026-07-06T00:00:00Z,2026-07-13T00:00:00Z,CROW,gemGrab,UndermineGG,low,1204,603,37,4429,26574,fixture-synthetic-v1
2026-07-15T00:00:00Z,2026-07-06T00:00:00Z,2026-07-13T00:00:00Z,ELPRIMO,gemGrab,UndermineGG,low,1309,631,39,4429,26574,fixture-synthetic-v1
2026-07-15T00:00:00Z,2026-07-06T00:00:00Z,2026-07-13T00:00:00Z,PIPER,gemGrab,UndermineGG,low,1132,571,41,4429,26574,fixture-synthetic-v1
2026-07-15T00:00:00Z,2026-07-06T00:00:00Z,2026-07-13T00:00:00Z,SPIKE,gemGrab,UndermineGG,mid,3978,2174,138,9776,58656,fixture-synthetic-v1
2026-07-15T00:00:00Z,2026-07-06T00:00:00Z,2026-07-13T00:00:00Z,CROW,gemGrab,UndermineGG,mid,3072,1527,115,9776,58656,fixture-synthetic-v1
2026-07-15T00:00:00Z,2026-07-06T00:00:00Z,2026-07-13T00:00:00Z,ELPRIMO,gemGrab,UndermineGG,mid,3380,1627,124,9776,58656,fixture-synthetic-v1
2026-07-15T00:00:00Z,2026-07-06T00:00:00Z,2026-07-13T00:00:00Z,PIPER,gemGrab,UndermineGG,mid,2430,1186,91,9776,58656,fixture-synthetic-v1
2026-07-15T00:00:00Z,2026-07-06T00:00:00Z,2026-07-13T00:00:00Z,SPIKE,gemGrab,UndermineGG,high,454,252,15,1390,8340,fixture-synthetic-v1
2026-07-15T00:00:00Z,2026-07-06T00:00:00Z,2026-07-13T00:00:00Z,CROW,gemGrab,UndermineGG,high,428,228,16,1390,8340,fixture-synthetic-v1
2026-07-15T00:00:00Z,2026-07-06T00:00:00Z,2026-07-13T00:00:00Z,ELPRIMO,gemGrab,UndermineGG,high,408,187,16,1390,8340,fixture-synthetic-v1
2026-07-15T00:00:00Z,2026-07-06T00:00:00Z,2026-07-13T00:00:00Z,PIPER,gemGrab,UndermineGG,high,358,169,19,1390,8340,fixture-synthetic-v1
2026-07-15T00:00:00Z,2026-07-06T00:00:00Z,2026-07-13T00:00:00Z,SPIKE,soloShowdown,SkullCreek,low,2598,948,249,4595,45950,fixture-synthetic-v1
2026-07-15T00:00:00Z,2026-07-06T00:00:00Z,2026-07-13T00:00:00Z,CROW,soloShowdown,SkullCreek,low,2366,934,232,4595,45950,fixture-synthetic-v1
2026-07-15T00:00:00Z,2026-07-06T00:00:00Z,2026-07-13T00:00:00Z,ELPRIMO,soloShowdown,SkullCreek,low,2501,883,240,4595,45950,fixture-synthetic-v1
2026-07-15T00:00:00Z,2026-07-06T00:00:00Z,2026-07-13T00:00:00Z,PIPER,soloShowdown,SkullCreek,low,1765,630,182,4595,45950,fixture-synthetic-v1
2026-07-15T00:00:00Z,2026-07-06T00:00:00Z,2026-07-13T00:00:00Z,SPIKE,soloShowdown,SkullCreek,mid,5599,2141,569,8699,86990,fixture-synthetic-v1
2026-07-15T00:00:00Z,2026-07-06T00:00:00Z,2026-07-13T00:00:00Z,CROW,soloShowdown,SkullCreek,mid,4459,1806,448,8699,86990,fixture-synthetic-v1
2026-07-15T00:00:00Z,2026-07-06T00:00:00Z,2026-07-13T00:00:00Z,ELPRIMO,soloShowdown,SkullCreek,mid,4539,1500,493,8699,86990,fixture-synthetic-v1
2026-07-15T00:00:00Z,2026-07-06T00:00:00Z,2026-07-13T00:00:00Z,PIPER,soloShowdown,SkullCreek,mid,3838,1438,389,8699,86990,fixture-synthetic-v1
2026-07-15T00:00:00Z,2026-07-06T00:00:00Z,2026-07-13T00:00:00Z,SPIKE,soloShowdown,SkullCreek,high,896,372,89,1533,15330,fixture-synthetic-v1
2026-07-15T00:00:00Z,2026-07-06T00:00:00Z,2026-07-13T00:00:00Z,CROW,soloShowdown,SkullCreek,high,683,278,62,1533,15330,fixture-synthetic-v1
2026-07-15T00:00:00Z,2026-07-06T00:00:00Z,2026-07-13T00:00:00Z,ELPRIMO,soloShowdown,SkullCreek,high,917,316,98,1533,15330,fixture-synthetic-v1
2026-07-15T00:00:00Z,2026-07-06T00:00:00Z,2026-07-13T00:00:00Z,PIPER,soloShowdown,SkullCreek,high,737,271,73,1533,15330,fixture-synthetic-v1
2026-07-15T00:00:00Z,2026-07-06T00:00:00Z,2026-07-13T00:00:00Z,SPIKE,soloShowdown,FeastOrFamine,low,3108,1054,324,4931,49310,fixture-synthetic-v1
2026-07-15T00:00:00Z,2026-07-06T00:00:00Z,2026-07-13T00:00:00Z,CROW,soloShowdown,FeastOrFamine,low,2251,840,246,4931,49310,fixture-synthetic-v1
2026-07-15T00:00:00Z,2026-07-06T00:00:00Z,2026-07-13T00:00:00Z,ELPRIMO,soloShowdown,FeastOrFamine,low,2514,836,262,4931,49310,fixture-synthetic-v1
2026-07-15T00:00:00Z,2026-07-06T00:00:00Z,2026-07-13T00:00:00Z,PIPER,soloShowdown,FeastOrFamine,low,2305,774,210,4931,49310,fixture-synthetic-v1
2026-07-15T00:00:00Z,2026-07-06T00:00:00Z,2026-07-13T00:00:00Z,SPIKE,soloShowdown,FeastOrFamine,mid,5183,1868,516,8086,80860,fixture-synthetic-v1
2026-07-15T00:00:00Z,2026-07-06T00:00:00Z,2026-07-13T00:00:00Z,CROW,soloShowdown,FeastOrFamine,mid,4183,1593,398,8086,80860,fixture-synthetic-v1
2026-07-15T00:00:00Z,2026-07-06T00:00:00Z,2026-07-13T00:00:00Z,ELPRIMO,soloShowdown,FeastOrFamine,mid,4113,1281,406,8086,80860,fixture-synthetic-v1
2026-07-15T00:00:00Z,2026-07-06T00:00:00Z,2026-07-13T00:00:00Z,PIPER,soloShowdown,FeastOrFamine,mid,3229,1175,296,8086,80860,fixture-synthetic-v1
2026-07-15T00:00:00Z,2026-07-06T00:00:00Z,2026-07-13T00:00:00Z,SPIKE,soloShowdown,FeastOrFamine,high,790,296,94,1450,14500,fixture-synthetic-v1
2026-07-15T00:00:00Z,2026-07-06T00:00:00Z,2026-07-13T00:00:00Z,CROW,soloShowdown,FeastOrFamine,high,769,314,76,1450,14500,fixture-synthetic-v1
2026-07-15T00:00:00Z,2026-07-06T00:00:00Z,2026-07-13T00:00:00Z,ELPRIMO,soloShowdown,FeastOrFamine,high,858,234,86,1450,14500,fixture-synthetic-v1
2026-07-15T00:00:00Z,2026-07-06T00:00:00Z,2026-07-13T00:00:00Z,PIPER,soloShowdown,FeastOrFamine,high,623,231,64,1450,14500,fixture-synthetic-v1
2026-07-15T00:00:00Z,2026-07-06T00:00:00Z,2026-07-13T00:00:00Z,SPIKE,soloShowdown,RockwallBrawl,low,3563,1322,349,5366,53660,fixture-synthetic-v1
2026-07-15T00:00:00Z,2026-07-06T00:00:00Z,2026-07-13T00:00:00Z,CROW,soloShowdown,RockwallBrawl,low,2388,914,224,5366,53660,fixture-synthetic-v1
2026-07-15T00:00:00Z,2026-07-06T00:00:00Z,2026-07-13T00:00:00Z,ELPRIMO,soloShowdown,RockwallBrawl,low,2781,969,281,5366,53660,fixture-synthetic-v1
2026-07-15T00:00:00Z,2026-07-06T00:00:00Z,2026-07-13T00:00:00Z,PIPER,soloShowdown,RockwallBrawl,low,2548,949,236,5366,53660,fixture-synthetic-v1
2026-07-15T00:00:00Z,2026-07-06T00:00:00Z,2026-07-13T00:00:00Z,SPIKE,soloShowdown,RockwallBrawl,mid,6781,2483,673,10579,105790,fixture-synthetic-v1
2026-07-15T00:00:00Z,2026-07-06T00:00:00Z,2026-07-13T00:00:00Z,CROW,soloShowdown,RockwallBrawl,mid,5550,2162,581,10579,105790,fixture-synthetic-v1
2026-07-15T00:00:00Z,2026-07-06T00:00:00Z,2026-07-13T00:00:00Z,ELPRIMO,soloShowdown,RockwallBrawl,mid,5282,1810,569,10579,105790,fixture-synthetic-v1
2026-07-15T00:00:00Z,2026-07-06T00:00:00Z,2026-07-13T00:00:00Z,PIPER,soloShowdown,RockwallBrawl,mid,4189,1533,401,10579,105790,fixture-synthetic-v1
2026-07-15T00:00:00Z,2026-07-06T00:00:00Z,2026-07-13T00:00:00Z,SPIKE,soloShowdown,RockwallBrawl,high,26,8,0,43,430,fixture-synthetic-v1
2026-07-15T00:00:00Z,2026-07-06T00:00:00Z,2026-07-13T00:00:00Z,CROW,soloShowdown,RockwallBrawl,high,18,12,1,43,430,fixture-synthetic-v1
2026-07-15T00:00:00Z,2026-07-06T00:00:00Z,2026-07-13T00:00:00Z,ELPRIMO,soloShowdown,RockwallBrawl,high,22,7,5,43,430,fixture-synthetic-v1
2026-07-15T00:00:00Z,2026-07-06T00:00:00Z,2026-07-13T00:00:00Z,PIPER,soloShowdown,RockwallBrawl,high,17,9,2,43,430,fixture-synthetic-v1
2026-07-22T00:00:00Z,2026-07-13T00:00:00Z,2026-07-20T00:00:00Z,SPIKE,brawlBall,BackyardBowl,low,1908,937,85,4748,28488,fixture-synthetic-v1
2026-07-22T00:00:00Z,2026-07-13T00:00:00Z,2026-07-20T00:00:00Z,CROW,brawlBall,BackyardBowl,low,1275,578,55,4748,28488,fixture-synthetic-v1
2026-07-22T00:00:00Z,2026-07-13T00:00:00Z,2026-07-20T00:00:00Z,ELPRIMO,brawlBall,BackyardBowl,low,1725,932,82,4748,28488,fixture-synthetic-v1
2026-07-22T00:00:00Z,2026-07-13T00:00:00Z,2026-07-20T00:00:00Z,PIPER,brawlBall,BackyardBowl,low,1163,555,70,4748,28488,fixture-synthetic-v1
2026-07-22T00:00:00Z,2026-07-13T00:00:00Z,2026-07-20T00:00:00Z,SPIKE,brawlBall,BackyardBowl,mid,3229,1587,149,8272,49632,fixture-synthetic-v1
2026-07-22T00:00:00Z,2026-07-13T00:00:00Z,2026-07-20T00:00:00Z,CROW,brawlBall,BackyardBowl,mid,2395,1057,105,8272,49632,fixture-synthetic-v1
2026-07-22T00:00:00Z,2026-07-13T00:00:00Z,2026-07-20T00:00:00Z,ELPRIMO,brawlBall,BackyardBowl,mid,3006,1581,132,8272,49632,fixture-synthetic-v1
2026-07-22T00:00:00Z,2026-07-13T00:00:00Z,2026-07-20T00:00:00Z,PIPER,brawlBall,BackyardBowl,mid,2096,943,108,8272,49632,fixture-synthetic-v1
2026-07-22T00:00:00Z,2026-07-13T00:00:00Z,2026-07-20T00:00:00Z,SPIKE,brawlBall,BackyardBowl,high,410,222,18,1187,7122,fixture-synthetic-v1
2026-07-22T00:00:00Z,2026-07-13T00:00:00Z,2026-07-20T00:00:00Z,CROW,brawlBall,BackyardBowl,high,316,161,15,1187,7122,fixture-synthetic-v1
2026-07-22T00:00:00Z,2026-07-13T00:00:00Z,2026-07-20T00:00:00Z,ELPRIMO,brawlBall,BackyardBowl,high,421,218,19,1187,7122,fixture-synthetic-v1
2026-07-22T00:00:00Z,2026-07-13T00:00:00Z,2026-07-20T00:00:00Z,PIPER,brawlBall,BackyardBowl,high,301,129,19,1187,7122,fixture-synthetic-v1
2026-07-22T00:00:00Z,2026-07-13T00:00:00Z,2026-07-20T00:00:00Z,SPIKE,brawlBall,PinholePunt,low,1976,1011,103,4987,29922,fixture-synthetic-v1
2026-07-22T00:00:00Z,2026-07-13T00:00:00Z,2026-07-20T00:00:00Z,CROW,brawlBall,PinholePunt,low,1324,563,58,4987,29922,fixture-synthetic-v1
2026-07-22T00:00:00Z,2026-07-13T00:00:00Z,2026-07-20T00:00:00Z,ELPRIMO,brawlBall,PinholePunt,low,1808,991,86,4987,29922,fixture-synthetic-v1
2026-07-22T00:00:00Z,2026-07-13T00:00:00Z,2026-07-20T00:00:00Z,PIPER,brawlBall,PinholePunt,low,1385,676,64,4987,29922,fixture-synthetic-v1
2026-07-22T00:00:00Z,2026-07-13T00:00:00Z,2026-07-20T00:00:00Z,SPIKE,brawlBall,PinholePunt,mid,3206,1605,160,8086,48516,fixture-synthetic-v1
2026-07-22T00:00:00Z,2026-07-13T00:00:00Z,2026-07-20T00:00:00Z,CROW,brawlBall,PinholePunt,mid,2166,1030,102,8086,48516,fixture-synthetic-v1
2026-07-22T00:00:00Z,2026-07-13T00:00:00Z,2026-07-20T00:00:00Z,ELPRIMO,brawlBall,PinholePunt,mid,2670,1446,126,8086,48516,fixture-synthetic-v1
2026-07-22T00:00:00Z,2026-07-13T00:00:00Z,2026-07-20T00:00:00Z,PIPER,brawlBall,PinholePunt,mid,2233,1128,108,8086,48516,fixture-synthetic-v1
2026-07-22T00:00:00Z,2026-07-13T00:00:00Z,2026-07-20T00:00:00Z,SPIKE,brawlBall,PinholePunt,high,510,274,26,1298,7788,fixture-synthetic-v1
2026-07-22T00:00:00Z,2026-07-13T00:00:00Z,2026-07-20T00:00:00Z,CROW,brawlBall,PinholePunt,high,330,148,13,1298,7788,fixture-synthetic-v1
2026-07-22T00:00:00Z,2026-07-13T00:00:00Z,2026-07-20T00:00:00Z,ELPRIMO,brawlBall,PinholePunt,high,427,219,28,1298,7788,fixture-synthetic-v1
2026-07-22T00:00:00Z,2026-07-13T00:00:00Z,2026-07-20T00:00:00Z,PIPER,brawlBall,PinholePunt,high,312,163,14,1298,7788,fixture-synthetic-v1
2026-07-22T00:00:00Z,2026-07-13T00:00:00Z,2026-07-20T00:00:00Z,SPIKE,brawlBall,SneakySneak,low,1981,994,78,6114,36684,fixture-synthetic-v1
2026-07-22T00:00:00Z,2026-07-13T00:00:00Z,2026-07-20T00:00:00Z,CROW,brawlBall,SneakySneak,low,1746,787,90,6114,36684,fixture-synthetic-v1
2026-07-22T00:00:00Z,2026-07-13T00:00:00Z,2026-07-20T00:00:00Z,ELPRIMO,brawlBall,SneakySneak,low,1870,977,88,6114,36684,fixture-synthetic-v1
2026-07-22T00:00:00Z,2026-07-13T00:00:00Z,2026-07-20T00:00:00Z,PIPER,brawlBall,SneakySneak,low,1631,762,67,6114,36684,fixture-synthetic-v1
2026-07-22T00:00:00Z,2026-07-13T00:00:00Z,2026-07-20T00:00:00Z,SPIKE,brawlBall,SneakySneak,mid,3546,1819,172,10021,60126,fixture-synthetic-v1
2026-07-22T00:00:00Z,2026-07-13T00:00:00Z,2026-07-20T00:00:00Z,CROW,brawlBall,SneakySneak,mid,3026,1396,123,10021,60126,fixture-synthetic-v1
2026-07-22T00:00:00Z,2026-07-13T00:00:00Z,2026-07-20T00:00:00Z,ELPRIMO,brawlBall,SneakySneak,mid,3677,1941,177,10021,60126,fixture-synthetic-v1
2026-07-22T00:00:00Z,2026-07-13T00:00:00Z,2026-07-20T00:00:00Z,PIPER,brawlBall,SneakySneak,mid,2338,1163,123,10021,60126,fixture-synthetic-v1
2026-07-22T00:00:00Z,2026-07-13T00:00:00Z,2026-07-20T00:00:00Z,SPIKE,brawlBall,SneakySneak,high,447,234,28,1236,7416,fixture-synthetic-v1
2026-07-22T00:00:00Z,2026-07-13T00:00:00Z,2026-07-20T00:00:00Z,CROW,brawlBall,SneakySneak,high,396,193,20,1236,7416,fixture-synthetic-v1
2026-07-22T00:00:00Z,2026-07-13T00:00:00Z,2026-07-20T00:00:00Z,ELPRIMO,brawlBall,SneakySneak,high,433,210,16,1236,7416,fixture-synthetic-v1
2026-07-22T00:00:00Z,2026-07-13T00:00:00Z,2026-07-20T00:00:00Z,PIPER,brawlBall,SneakySneak,high,292,140,15,1236,7416,fixture-synthetic-v1
2026-07-22T00:00:00Z,2026-07-13T00:00:00Z,2026-07-20T00:00:00Z,SPIKE,gemGrab,HardRockMine,low,2015,1099,69,5459,32754,fixture-synthetic-v1
2026-07-22T00:00:00Z,2026-07-13T00:00:00Z,2026-07-20T00:00:00Z,CROW,gemGrab,HardRockMine,low,1713,854,67,5459,32754,fixture-synthetic-v1
2026-07-22T00:00:00Z,2026-07-13T00:00:00Z,2026-07-20T00:00:00Z,ELPRIMO,gemGrab,HardRockMine,low,1686,900,48,5459,32754,fixture-synthetic-v1
2026-07-22T00:00:00Z,2026-07-13T00:00:00Z,2026-07-20T00:00:00Z,PIPER,gemGrab,HardRockMine,low,1408,730,55,5459,32754,fixture-synthetic-v1
2026-07-22T00:00:00Z,2026-07-13T00:00:00Z,2026-07-20T00:00:00Z,SPIKE,gemGrab,HardRockMine,mid,2697,1455,93,7819,46914,fixture-synthetic-v1
2026-07-22T00:00:00Z,2026-07-13T00:00:00Z,2026-07-20T00:00:00Z,CROW,gemGrab,HardRockMine,mid,2460,1252,86,7819,46914,fixture-synthetic-v1
2026-07-22T00:00:00Z,2026-07-13T00:00:00Z,2026-07-20T00:00:00Z,ELPRIMO,gemGrab,HardRockMine,mid,2747,1357,92,7819,46914,fixture-synthetic-v1
2026-07-22T00:00:00Z,2026-07-13T00:00:00Z,2026-07-20T00:00:00Z,PIPER,gemGrab,HardRockMine,mid,1955,1004,67,7819,46914,fixture-synthetic-v1
2026-07-22T00:00:00Z,2026-07-13T00:00:00Z,2026-07-20T00:00:00Z,SPIKE,gemGrab,HardRockMine,high,553,332,23,1480,8880,fixture-synthetic-v1
2026-07-22T00:00:00Z,2026-07-13T00:00:00Z,2026-07-20T00:00:00Z,CROW,gemGrab,HardRockMine,high,406,198,15,1480,8880,fixture-synthetic-v1
2026-07-22T00:00:00Z,2026-07-13T00:00:00Z,2026-07-20T00:00:00Z,ELPRIMO,gemGrab,HardRockMine,high,440,213,19,1480,8880,fixture-synthetic-v1
2026-07-22T00:00:00Z,2026-07-13T00:00:00Z,2026-07-20T00:00:00Z,PIPER,gemGrab,HardRockMine,high,382,186,16,1480,8880,fixture-synthetic-v1
2026-07-22T00:00:00Z,2026-07-13T00:00:00Z,2026-07-20T00:00:00Z,SPIKE,gemGrab,DoubleSwoosh,low,1985,996,64,6007,36042,fixture-synthetic-v1
2026-07-22T00:00:00Z,2026-07-13T00:00:00Z,2026-07-20T00:00:00Z,CROW,gemGrab,DoubleSwoosh,low,1812,847,65,6007,36042,fixture-synthetic-v1
2026-07-22T00:00:00Z,2026-07-13T00:00:00Z,2026-07-20T00:00:00Z,ELPRIMO,gemGrab,DoubleSwoosh,low,2128,1023,66,6007,36042,fixture-synthetic-v1
2026-07-22T00:00:00Z,2026-07-13T00:00:00Z,2026-07-20T00:00:00Z,PIPER,gemGrab,DoubleSwoosh,low,1435,689,58,6007,36042,fixture-synthetic-v1
2026-07-22T00:00:00Z,2026-07-13T00:00:00Z,2026-07-20T00:00:00Z,SPIKE,gemGrab,DoubleSwoosh,mid,3326,1809,124,8723,52338,fixture-synthetic-v1
2026-07-22T00:00:00Z,2026-07-13T00:00:00Z,2026-07-20T00:00:00Z,CROW,gemGrab,DoubleSwoosh,mid,2376,1145,83,8723,52338,fixture-synthetic-v1
2026-07-22T00:00:00Z,2026-07-13T00:00:00Z,2026-07-20T00:00:00Z,ELPRIMO,gemGrab,DoubleSwoosh,mid,3104,1478,117,8723,52338,fixture-synthetic-v1
2026-07-22T00:00:00Z,2026-07-13T00:00:00Z,2026-07-20T00:00:00Z,PIPER,gemGrab,DoubleSwoosh,mid,1984,966,80,8723,52338,fixture-synthetic-v1
2026-07-22T00:00:00Z,2026-07-13T00:00:00Z,2026-07-20T00:00:00Z,SPIKE,gemGrab,DoubleSwoosh,high,444,243,22,1378,8268,fixture-synthetic-v1
2026-07-22T00:00:00Z,2026-07-13T00:00:00Z,2026-07-20T00:00:00Z,CROW,gemGrab,DoubleSwoosh,high,367,200,12,1378,8268,fixture-synthetic-v1
2026-07-22T00:00:00Z,2026-07-13T00:00:00Z,2026-07-20T00:00:00Z,ELPRIMO,gemGrab,DoubleSwoosh,high,442,199,15,1378,8268,fixture-synthetic-v1
2026-07-22T00:00:00Z,2026-07-13T00:00:00Z,2026-07-20T00:00:00Z,PIPER,gemGrab,DoubleSwoosh,high,352,189,8,1378,8268,fixture-synthetic-v1
2026-07-22T00:00:00Z,2026-07-13T00:00:00Z,2026-07-20T00:00:00Z,SPIKE,gemGrab,UndermineGG,low,1881,989,80,5668,34008,fixture-synthetic-v1
2026-07-22T00:00:00Z,2026-07-13T00:00:00Z,2026-07-20T00:00:00Z,CROW,gemGrab,UndermineGG,low,1779,896,53,5668,34008,fixture-synthetic-v1
2026-07-22T00:00:00Z,2026-07-13T00:00:00Z,2026-07-20T00:00:00Z,ELPRIMO,gemGrab,UndermineGG,low,2001,956,68,5668,34008,fixture-synthetic-v1
2026-07-22T00:00:00Z,2026-07-13T00:00:00Z,2026-07-20T00:00:00Z,PIPER,gemGrab,UndermineGG,low,1429,728,51,5668,34008,fixture-synthetic-v1
2026-07-22T00:00:00Z,2026-07-13T00:00:00Z,2026-07-20T00:00:00Z,SPIKE,gemGrab,UndermineGG,mid,3285,1752,113,9819,58914,fixture-synthetic-v1
2026-07-22T00:00:00Z,2026-07-13T00:00:00Z,2026-07-20T00:00:00Z,CROW,gemGrab,UndermineGG,mid,3095,1541,110,9819,58914,fixture-synthetic-v1
2026-07-22T00:00:00Z,2026-07-13T00:00:00Z,2026-07-20T00:00:00Z,ELPRIMO,gemGrab,UndermineGG,mid,3354,1642,119,9819,58914,fixture-synthetic-v1
2026-07-22T00:00:00Z,2026-07-13T00:00:00Z,2026-07-20T00:00:00Z,PIPER,gemGrab,UndermineGG,mid,2515,1311,86,9819,58914,fixture-synthetic-v1
2026-07-22T00:00:00Z,2026-07-13T00:00:00Z,2026-07-20T00:00:00Z,SPIKE,gemGrab,UndermineGG,high,431,242,20,1293,7758,fixture-synthetic-v1
2026-07-22T00:00:00Z,2026-07-13T00:00:00Z,2026-07-20T00:00:00Z,CROW,gemGrab,UndermineGG,high,347,183,12,1293,7758,fixture-synthetic-v1
2026-07-22T00:00:00Z,2026-07-13T00:00:00Z,2026-07-20T00:00:00Z,ELPRIMO,gemGrab,UndermineGG,high,467,195,19,1293,7758,fixture-synthetic-v1
2026-07-22T00:00:00Z,2026-07-13T00:00:00Z,2026-07-20T00:00:00Z,PIPER,gemGrab,UndermineGG,high,312,138,16,1293,7758,fixture-synthetic-v1
2026-07-22T00:00:00Z,2026-07-13T00:00:00Z,2026-07-20T00:00:00Z,SPIKE,soloShowdown,SkullCreek,low,3550,1337,341,5310,53100,fixture-synthetic-v1
2026-07-22T00:00:00Z,2026-07-13T00:00:00Z,2026-07-20T00:00:00Z,CROW,soloShowdown,SkullCreek,low,2837,1104,281,5310,53100,fixture-synthetic-v1
2026-07-22T00:00:00Z,2026-07-13T00:00:00Z,2026-07-20T00:00:00Z,ELPRIMO,soloShowdown,SkullCreek,low,3170,1110,334,5310,53100,fixture-synthetic-v1
2026-07-22T00:00:00Z,2026-07-13T00:00:00Z,2026-07-20T00:00:00Z,PIPER,soloShowdown,SkullCreek,low,2497,905,244,5310,53100,fixture-synthetic-v1
2026-07-22T00:00:00Z,2026-07-13T00:00:00Z,2026-07-20T00:00:00Z,SPIKE,soloShowdown,SkullCreek,mid,5127,1856,533,9038,90380,fixture-synthetic-v1
2026-07-22T00:00:00Z,2026-07-13T00:00:00Z,2026-07-20T00:00:00Z,CROW,soloShowdown,SkullCreek,mid,4598,1822,504,9038,90380,fixture-synthetic-v1
2026-07-22T00:00:00Z,2026-07-13T00:00:00Z,2026-07-20T00:00:00Z,ELPRIMO,soloShowdown,SkullCreek,mid,5196,1793,523,9038,90380,fixture-synthetic-v1
2026-07-22T00:00:00Z,2026-07-13T00:00:00Z,2026-07-20T00:00:00Z,PIPER,soloShowdown,SkullCreek,mid,3459,1235,353,9038,90380,fixture-synthetic-v1
2026-07-22T00:00:00Z,2026-07-13T00:00:00Z,2026-07-20T00:00:00Z,SPIKE,soloShowdown,SkullCreek,high,846,364,94,1516,15160,fixture-synthetic-v1
2026-07-22T00:00:00Z,2026-07-13T00:00:00Z,2026-07-20T00:00:00Z,CROW,soloShowdown,SkullCreek,high,702,297,64,1516,15160,fixture-synthetic-v1
2026-07-22T00:00:00Z,2026-07-13T00:00:00Z,2026-07-20T00:00:00Z,ELPRIMO,soloShowdown,SkullCreek,high,908,282,95,1516,15160,fixture-synthetic-v1
2026-07-22T00:00:00Z,2026-07-13T00:00:00Z,2026-07-20T00:00:00Z,PIPER,soloShowdown,SkullCreek,high,632,239,61,1516,15160,fixture-synthetic-v1
2026-07-22T00:00:00Z,2026-07-13T00:00:00Z,2026-07-20T00:00:00Z,SPIKE,soloShowdown,FeastOrFamine,low,3529,1224,358,5557,55570,fixture-synthetic-v1
2026-07-22T00:00:00Z,2026-07-13T00:00:00Z,2026-07-20T00:00:00Z,CROW,soloShowdown,FeastOrFamine,low,2845,1056,281,5557,55570,fixture-synthetic-v1
2026-07-22T00:00:00Z,2026-07-13T00:00:00Z,2026-07-20T00:00:00Z,ELPRIMO,soloShowdown,FeastOrFamine,low,2749,993,274,5557,55570,fixture-synthetic-v1
2026-07-22T00:00:00Z,2026-07-13T00:00:00Z,2026-07-20T00:00:00Z,PIPER,soloShowdown,FeastOrFamine,low,2619,916,248,5557,55570,fixture-synthetic-v1
2026-07-22T00:00:00Z,2026-07-13T00:00:00Z,2026-07-20T00:00:00Z,SPIKE,soloShowdown,FeastOrFamine,mid,5509,2000,549,8321,83210,fixture-synthetic-v1
2026-07-22T00:00:00Z,2026-07-13T00:00:00Z,2026-07-20T00:00:00Z,CROW,soloShowdown,FeastOrFamine,mid,3699,1401,331,8321,83210,fixture-synthetic-v1
2026-07-22T00:00:00Z,2026-07-13T00:00:00Z,2026-07-20T00:00:00Z,ELPRIMO,soloShowdown,FeastOrFamine,mid,4927,1588,468,8321,83210,fixture-synthetic-v1
2026-07-22T00:00:00Z,2026-07-13T00:00:00Z,2026-07-20T00:00:00Z,PIPER,soloShowdown,FeastOrFamine,mid,3402,1204,342,8321,83210,fixture-synthetic-v1
2026-07-22T00:00:00Z,2026-07-13T00:00:00Z,2026-07-20T00:00:00Z,SPIKE,soloShowdown,FeastOrFamine,high,1007,394,79,1485,14850,fixture-synthetic-v1
2026-07-22T00:00:00Z,2026-07-13T00:00:00Z,2026-07-20T00:00:00Z,CROW,soloShowdown,FeastOrFamine,high,756,300,73,1485,14850,fixture-synthetic-v1
2026-07-22T00:00:00Z,2026-07-13T00:00:00Z,2026-07-20T00:00:00Z,ELPRIMO,soloShowdown,FeastOrFamine,high,755,213,73,1485,14850,fixture-synthetic-v1
2026-07-22T00:00:00Z,2026-07-13T00:00:00Z,2026-07-20T00:00:00Z,PIPER,soloShowdown,FeastOrFamine,high,682,251,59,1485,14850,fixture-synthetic-v1
2026-07-22T00:00:00Z,2026-07-13T00:00:00Z,2026-07-20T00:00:00Z,SPIKE,soloShowdown,RockwallBrawl,low,3383,1213,307,5439,54390,fixture-synthetic-v1
2026-07-22T00:00:00Z,2026-07-13T00:00:00Z,2026-07-20T00:00:00Z,CROW,soloShowdown,RockwallBrawl,low,2905,1185,300,5439,54390,fixture-synthetic-v1
2026-07-22T00:00:00Z,2026-07-13T00:00:00Z,2026-07-20T00:00:00Z,ELPRIMO,soloShowdown,RockwallBrawl,low,3200,1179,308,5439,54390,fixture-synthetic-v1
2026-07-22T00:00:00Z,2026-07-13T00:00:00Z,2026-07-20T00:00:00Z,PIPER,soloShowdown,RockwallBrawl,low,2241,800,233,5439,54390,fixture-synthetic-v1
2026-07-22T00:00:00Z,2026-07-13T00:00:00Z,2026-07-20T00:00:00Z,SPIKE,soloShowdown,RockwallBrawl,mid,4916,1823,485,8883,88830,fixture-synthetic-v1
2026-07-22T00:00:00Z,2026-07-13T00:00:00Z,2026-07-20T00:00:00Z,CROW,soloShowdown,RockwallBrawl,mid,4279,1717,437,8883,88830,fixture-synthetic-v1
2026-07-22T00:00:00Z,2026-07-13T00:00:00Z,2026-07-20T00:00:00Z,ELPRIMO,soloShowdown,RockwallBrawl,mid,4372,1490,443,8883,88830,fixture-synthetic-v1
2026-07-22T00:00:00Z,2026-07-13T00:00:00Z,2026-07-20T00:00:00Z,PIPER,soloShowdown,RockwallBrawl,mid,3723,1354,353,8883,88830,fixture-synthetic-v1
2026-07-22T00:00:00Z,2026-07-13T00:00:00Z,2026-07-20T00:00:00Z,SPIKE,soloShowdown,RockwallBrawl,high,42,22,2,63,630,fixture-synthetic-v1
2026-07-22T00:00:00Z,2026-07-13T00:00:00Z,2026-07-20T00:00:00Z,CROW,soloShowdown,RockwallBrawl,high,28,16,1,63,630,fixture-synthetic-v1
2026-07-22T00:00:00Z,2026-07-13T00:00:00Z,2026-07-20T00:00:00Z,ELPRIMO,soloShowdown,RockwallBrawl,high,33,10,1,63,630,fixture-synthetic-v1
2026-07-22T00:00:00Z,2026-07-13T00:00:00Z,2026-07-20T00:00:00Z,PIPER,soloShowdown,RockwallBrawl,high,29,12,3,63,630,fixture-synthetic-v1
2026-07-29T00:00:00Z,2026-07-20T00:00:00Z,2026-07-27T00:00:00Z,SPIKE,brawlBall,BackyardBowl,low,2426,1164,105,5947,35682,fixture-synthetic-v1
2026-07-29T00:00:00Z,2026-07-20T00:00:00Z,2026-07-27T00:00:00Z,CROW,brawlBall,BackyardBowl,low,1576,677,76,5947,35682,fixture-synthetic-v1
2026-07-29T00:00:00Z,2026-07-20T00:00:00Z,2026-07-27T00:00:00Z,ELPRIMO,brawlBall,BackyardBowl,low,2094,1129,101,5947,35682,fixture-synthetic-v1
2026-07-29T00:00:00Z,2026-07-20T00:00:00Z,2026-07-27T00:00:00Z,PIPER,brawlBall,BackyardBowl,low,1463,681,60,5947,35682,fixture-synthetic-v1
2026-07-29T00:00:00Z,2026-07-20T00:00:00Z,2026-07-27T00:00:00Z,SPIKE,brawlBall,BackyardBowl,mid,2910,1463,127,7903,47418,fixture-synthetic-v1
2026-07-29T00:00:00Z,2026-07-20T00:00:00Z,2026-07-27T00:00:00Z,CROW,brawlBall,BackyardBowl,mid,2329,1031,101,7903,47418,fixture-synthetic-v1
2026-07-29T00:00:00Z,2026-07-20T00:00:00Z,2026-07-27T00:00:00Z,ELPRIMO,brawlBall,BackyardBowl,mid,2715,1370,121,7903,47418,fixture-synthetic-v1
2026-07-29T00:00:00Z,2026-07-20T00:00:00Z,2026-07-27T00:00:00Z,PIPER,brawlBall,BackyardBowl,mid,1908,931,85,7903,47418,fixture-synthetic-v1
2026-07-29T00:00:00Z,2026-07-20T00:00:00Z,2026-07-27T00:00:00Z,SPIKE,brawlBall,BackyardBowl,high,578,275,33,1592,9552,fixture-synthetic-v1
2026-07-29T00:00:00Z,2026-07-20T00:00:00Z,2026-07-27T00:00:00Z,CROW,brawlBall,BackyardBowl,high,492,221,28,1592,9552,fixture-synthetic-v1
2026-07-29T00:00:00Z,2026-07-20T00:00:00Z,2026-07-27T00:00:00Z,ELPRIMO,brawlBall,BackyardBowl,high,479,232,18,1592,9552,fixture-synthetic-v1
2026-07-29T00:00:00Z,2026-07-20T00:00:00Z,2026-07-27T00:00:00Z,PIPER,brawlBall,BackyardBowl,high,414,187,20,1592,9552,fixture-synthetic-v1
2026-07-29T00:00:00Z,2026-07-20T00:00:00Z,2026-07-27T00:00:00Z,SPIKE,brawlBall,PinholePunt,low,2149,1094,75,5473,32838,fixture-synthetic-v1
2026-07-29T00:00:00Z,2026-07-20T00:00:00Z,2026-07-27T00:00:00Z,CROW,brawlBall,PinholePunt,low,1584,720,68,5473,32838,fixture-synthetic-v1
2026-07-29T00:00:00Z,2026-07-20T00:00:00Z,2026-07-27T00:00:00Z,ELPRIMO,brawlBall,PinholePunt,low,1883,1068,71,5473,32838,fixture-synthetic-v1
2026-07-29T00:00:00Z,2026-07-20T00:00:00Z,2026-07-27T00:00:00Z,PIPER,brawlBall,PinholePunt,low,1322,614,56,5473,32838,fixture-synthetic-v1
2026-07-29T00:00:00Z,2026-07-20T00:00:00Z,2026-07-27T00:00:00Z,SPIKE,brawlBall,PinholePunt,mid,3596,1898,153,10166,60996,fixture-synthetic-v1
2026-07-29T00:00:00Z,2026-07-20T00:00:00Z,2026-07-27T00:00:00Z,CROW,brawlBall,PinholePunt,mid,2876,1307,145,10166,60996,fixture-synthetic-v1
2026-07-29T00:00:00Z,2026-07-20T00:00:00Z,2026-07-27T00:00:00Z,ELPRIMO,brawlBall,PinholePunt,mid,3288,1775,144,10166,60996,fixture-synthetic-v1
2026-07-29T00:00:00Z,2026-07-20T00:00:00Z,2026-07-27T00:00:00Z,PIPER,brawlBall,PinholePunt,mid,2792,1348,133,10166,60996,fixture-synthetic-v1
2026-07-29T00:00:00Z,2026-07-20T00:00:00Z,2026-07-27T00:00:00Z,SPIKE,brawlBall,PinholePunt,high,424,228,23,1265,7590,fixture-synthetic-v1
2026-07-29T00:00:00Z,2026-07-20T00:00:00Z,2026-07-27T00:00:00Z,CROW,brawlBall,PinholePunt,high,344,150,22,1265,7590,fixture-synthetic-v1
2026-07-29T00:00:00Z,2026-07-20T00:00:00Z,2026-07-27T00:00:00Z,ELPRIMO,brawlBall,PinholePunt,high,375,203,17,1265,7590,fixture-synthetic-v1
2026-07-29T00:00:00Z,2026-07-20T00:00:00Z,2026-07-27T00:00:00Z,PIPER,brawlBall,PinholePunt,high,361,184,16,1265,7590,fixture-synthetic-v1
2026-07-29T00:00:00Z,2026-07-20T00:00:00Z,2026-07-27T00:00:00Z,SPIKE,brawlBall,SneakySneak,low,1785,843,76,5153,30918,fixture-synthetic-v1
2026-07-29T00:00:00Z,2026-07-20T00:00:00Z,2026-07-27T00:00:00Z,CROW,brawlBall,SneakySneak,low,1621,751,73,5153,30918,fixture-synthetic-v1
2026-07-29T00:00:00Z,2026-07-20T00:00:00Z,2026-07-27T00:00:00Z,ELPRIMO,brawlBall,SneakySneak,low,1516,778,83,5153,30918,fixture-synthetic-v1
2026-07-29T00:00:00Z,2026-07-20T00:00:00Z,2026-07-27T00:00:00Z,PIPER,brawlBall,SneakySneak,low,1487,691,71,5153,30918,fixture-synthetic-v1
2026-07-29T00:00:00Z,2026-07-20T00:00:00Z,2026-07-27T00:00:00Z,SPIKE,brawlBall,SneakySneak,mid,3420,1694,155,10537,63222,fixture-synthetic-v1
2026-07-29T00:00:00Z,2026-07-20T00:00:00Z,2026-07-27T00:00:00Z,CROW,brawlBall,SneakySneak,mid,3326,1502,142,10537,63222,fixture-synthetic-v1
2026-07-29T00:00:00Z,2026-07-20T00:00:00Z,2026-07-27T00:00:00Z,ELPRIMO,brawlBall,SneakySneak,mid,3774,1932,171,10537,63222,fixture-synthetic-v1
2026-07-29T00:00:00Z,2026-07-20T00:00:00Z,2026-07-27T00:00:00Z,PIPER,brawlBall,SneakySneak,mid,2723,1308,114,10537,63222,fixture-synthetic-v1
2026-07-29T00:00:00Z,2026-07-20T00:00:00Z,2026-07-27T00:00:00Z,SPIKE,brawlBall,SneakySneak,high,445,228,18,1302,7812,fixture-synthetic-v1
2026-07-29T00:00:00Z,2026-07-20T00:00:00Z,2026-07-27T00:00:00Z,CROW,brawlBall,SneakySneak,high,399,192,24,1302,7812,fixture-synthetic-v1
2026-07-29T00:00:00Z,2026-07-20T00:00:00Z,2026-07-27T00:00:00Z,ELPRIMO,brawlBall,SneakySneak,high,384,190,18,1302,7812,fixture-synthetic-v1
2026-07-29T00:00:00Z,2026-07-20T00:00:00Z,2026-07-27T00:00:00Z,PIPER,brawlBall,SneakySneak,high,343,156,14,1302,7812,fixture-synthetic-v1
2026-07-29T00:00:00Z,2026-07-20T00:00:00Z,2026-07-27T00:00:00Z,SPIKE,gemGrab,HardRockMine,low,2228,1192,77,5540,33240,fixture-synthetic-v1
2026-07-29T00:00:00Z,2026-07-20T00:00:00Z,2026-07-27T00:00:00Z,CROW,gemGrab,HardRockMine,low,1598,799,49,5540,33240,fixture-synthetic-v1
2026-07-29T00:00:00Z,2026-07-20T00:00:00Z,2026-07-27T00:00:00Z,ELPRIMO,gemGrab,HardRockMine,low,1849,913,63,5540,33240,fixture-synthetic-v1
2026-07-29T00:00:00Z,2026-07-20T00:00:00Z,2026-07-27T00:00:00Z,PIPER,gemGrab,HardRockMine,low,1459,739,46,5540,33240,fixture-synthetic-v1
2026-07-29T00:00:00Z,2026-07-20T00:00:00Z,2026-07-27T00:00:00Z,SPIKE,gemGrab,HardRockMine,mid,3359,1864,123,8412,50472,fixture-synthetic-v1
2026-07-29T00:00:00Z,2026-07-20T00:00:00Z,2026-07-27T00:00:00Z,CROW,gemGrab,HardRockMine,mid,2545,1266,84,8412,50472,fixture-synthetic-v1
2026-07-29T00:00:00Z,2026-07-20T00:00:00Z,2026-07-27T00:00:00Z,ELPRIMO,gemGrab,HardRockMine,mid,2593,1264,79,8412,50472,fixture-synthetic-v1
2026-07-29T00:00:00Z,2026-07-20T00:00:00Z,2026-07-27T00:00:00Z,PIPER,gemGrab,HardRockMine,mid,2378,1211,86,8412,50472,fixture-synthetic-v1
2026-07-29T00:00:00Z,2026-07-20T00:00:00Z,2026-07-27T00:00:00Z,SPIKE,gemGrab,HardRockMine,high,523,299,13,1370,8220,fixture-synthetic-v1
2026-07-29T00:00:00Z,2026-07-20T00:00:00Z,2026-07-27T00:00:00Z,CROW,gemGrab,HardRockMine,high,351,177,10,1370,8220,fixture-synthetic-v1
2026-07-29T00:00:00Z,2026-07-20T00:00:00Z,2026-07-27T00:00:00Z,ELPRIMO,gemGrab,HardRockMine,high,498,235,24,1370,8220,fixture-synthetic-v1
2026-07-29T00:00:00Z,2026-07-20T00:00:00Z,2026-07-27T00:00:00Z,PIPER,gemGrab,HardRockMine,high,349,179,9,1370,8220,fixture-synthetic-v1
2026-07-29T00:00:00Z,2026-07-20T00:00:00Z,2026-07-27T00:00:00Z,SPIKE,gemGrab,DoubleSwoosh,low,1785,895,76,4605,27630,fixture-synthetic-v1
2026-07-29T00:00:00Z,2026-07-20T00:00:00Z,2026-07-27T00:00:00Z,CROW,gemGrab,DoubleSwoosh,low,1462,690,58,4605,27630,fixture-synthetic-v1
2026-07-29T00:00:00Z,2026-07-20T00:00:00Z,2026-07-27T00:00:00Z,ELPRIMO,gemGrab,DoubleSwoosh,low,1410,706,47,4605,27630,fixture-synthetic-v1
2026-07-29T00:00:00Z,2026-07-20T00:00:00Z,2026-07-27T00:00:00Z,PIPER,gemGrab,DoubleSwoosh,low,1133,552,44,4605,27630,fixture-synthetic-v1
2026-07-29T00:00:00Z,2026-07-20T00:00:00Z,2026-07-27T00:00:00Z,SPIKE,gemGrab,DoubleSwoosh,mid,3791,2053,132,9922,59532,fixture-synthetic-v1
2026-07-29T00:00:00Z,2026-07-20T00:00:00Z,2026-07-27T00:00:00Z,CROW,gemGrab,DoubleSwoosh,mid,2620,1286,99,9922,59532,fixture-synthetic-v1
2026-07-29T00:00:00Z,2026-07-20T00:00:00Z,2026-07-27T00:00:00Z,ELPRIMO,gemGrab,DoubleSwoosh,mid,2996,1417,105,9922,59532,fixture-synthetic-v1
2026-07-29T00:00:00Z,2026-07-20T00:00:00Z,2026-07-27T00:00:00Z,PIPER,gemGrab,DoubleSwoosh,mid,2299,1151,69,9922,59532,fixture-synthetic-v1
2026-07-29T00:00:00Z,2026-07-20T00:00:00Z,2026-07-27T00:00:00Z,SPIKE,gemGrab,DoubleSwoosh,high,384,202,12,1176,7056,fixture-synthetic-v1
2026-07-29T00:00:00Z,2026-07-20T00:00:00Z,2026-07-27T00:00:00Z,CROW,gemGrab,DoubleSwoosh,high,371,181,11,1176,7056,fixture-synthetic-v1
2026-07-29T00:00:00Z,2026-07-20T00:00:00Z,2026-07-27T00:00:00Z,ELPRIMO,gemGrab,DoubleSwoosh,high,413,193,13,1176,7056,fixture-synthetic-v1
2026-07-29T00:00:00Z,2026-07-20T00:00:00Z,2026-07-27T00:00:00Z,PIPER,gemGrab,DoubleSwoosh,high,295,153,8,1176,7056,fixture-synthetic-v1
2026-07-29T00:00:00Z,2026-07-20T00:00:00Z,2026-07-27T00:00:00Z,SPIKE,gemGrab,UndermineGG,low,1527,825,60,4580,27480,fixture-synthetic-v1
2026-07-29T00:00:00Z,2026-07-20T00:00:00Z,2026-07-27T00:00:00Z,CROW,gemGrab,UndermineGG,low,1279,624,43,4580,27480,fixture-synthetic-v1
2026-07-29T00:00:00Z,2026-07-20T00:00:00Z,2026-07-27T00:00:00Z,ELPRIMO,gemGrab,UndermineGG,low,1350,670,53,4580,27480,fixture-synthetic-v1
2026-07-29T00:00:00Z,2026-07-20T00:00:00Z,2026-07-27T00:00:00Z,PIPER,gemGrab,UndermineGG,low,1133,607,31,4580,27480,fixture-synthetic-v1
2026-07-29T00:00:00Z,2026-07-20T00:00:00Z,2026-07-27T00:00:00Z,SPIKE,gemGrab,UndermineGG,mid,3191,1742,104,9093,54558,fixture-synthetic-v1
2026-07-29T00:00:00Z,2026-07-20T00:00:00Z,2026-07-27T00:00:00Z,CROW,gemGrab,UndermineGG,mid,2408,1180,100,9093,54558,fixture-synthetic-v1
2026-07-29T00:00:00Z,2026-07-20T00:00:00Z,2026-07-27T00:00:00Z,ELPRIMO,gemGrab,UndermineGG,mid,3340,1560,127,9093,54558,fixture-synthetic-v1
2026-07-29T00:00:00Z,2026-07-20T00:00:00Z,2026-07-27T00:00:00Z,PIPER,gemGrab,UndermineGG,mid,2579,1325,86,9093,54558,fixture-synthetic-v1
2026-07-29T00:00:00Z,2026-07-20T00:00:00Z,2026-07-27T00:00:00Z,SPIKE,gemGrab,UndermineGG,high,486,280,17,1245,7470,fixture-synthetic-v1
2026-07-29T00:00:00Z,2026-07-20T00:00:00Z,2026-07-27T00:00:00Z,CROW,gemGrab,UndermineGG,high,329,150,10,1245,7470,fixture-synthetic-v1
2026-07-29T00:00:00Z,2026-07-20T00:00:00Z,2026-07-27T00:00:00Z,ELPRIMO,gemGrab,UndermineGG,high,387,193,10,1245,7470,fixture-synthetic-v1
2026-07-29T00:00:00Z,2026-07-20T00:00:00Z,2026-07-27T00:00:00Z,PIPER,gemGrab,UndermineGG,high,325,176,9,1245,7470,fixture-synthetic-v1
2026-07-29T00:00:00Z,2026-07-20T00:00:00Z,2026-07-27T00:00:00Z,SPIKE,soloShowdown,SkullCreek,low,3306,1165,340,5115,51150,fixture-synthetic-v1
2026-07-29T00:00:00Z,2026-07-20T00:00:00Z,2026-07-27T00:00:00Z,CROW,soloShowdown,SkullCreek,low,2257,891,250,5115,51150,fixture-synthetic-v1
2026-07-29T00:00:00Z,2026-07-20T00:00:00Z,2026-07-27T00:00:00Z,ELPRIMO,soloShowdown,SkullCreek,low,2668,963,274,5115,51150,fixture-synthetic-v1
2026-07-29T00:00:00Z,2026-07-20T00:00:00Z,2026-07-27T00:00:00Z,PIPER,soloShowdown,SkullCreek,low,2325,841,221,5115,51150,fixture-synthetic-v1
2026-07-29T00:00:00Z,2026-07-20T00:00:00Z,2026-07-27T00:00:00Z,SPIKE,soloShowdown,SkullCreek,mid,6172,2291,640,10356,103560,fixture-synthetic-v1
2026-07-29T00:00:00Z,2026-07-20T00:00:00Z,2026-07-27T00:00:00Z,CROW,soloShowdown,SkullCreek,mid,5119,2061,486,10356,103560,fixture-synthetic-v1
2026-07-29T00:00:00Z,2026-07-20T00:00:00Z,2026-07-27T00:00:00Z,ELPRIMO,soloShowdown,SkullCreek,mid,5760,2020,599,10356,103560,fixture-synthetic-v1
2026-07-29T00:00:00Z,2026-07-20T00:00:00Z,2026-07-27T00:00:00Z,PIPER,soloShowdown,SkullCreek,mid,4701,1749,468,10356,103560,fixture-synthetic-v1
2026-07-29T00:00:00Z,2026-07-20T00:00:00Z,2026-07-27T00:00:00Z,SPIKE,soloShowdown,SkullCreek,high,771,307,80,1430,14300,fixture-synthetic-v1
2026-07-29T00:00:00Z,2026-07-20T00:00:00Z,2026-07-27T00:00:00Z,CROW,soloShowdown,SkullCreek,high,692,287,74,1430,14300,fixture-synthetic-v1
2026-07-29T00:00:00Z,2026-07-20T00:00:00Z,2026-07-27T00:00:00Z,ELPRIMO,soloShowdown,SkullCreek,high,718,224,67,1430,14300,fixture-synthetic-v1
2026-07-29T00:00:00Z,2026-07-20T00:00:00Z,2026-07-27T00:00:00Z,PIPER,soloShowdown,SkullCreek,high,675,265,76,1430,14300,fixture-synthetic-v1
2026-07-29T00:00:00Z,2026-07-20T00:00:00Z,2026-07-27T00:00:00Z,SPIKE,soloShowdown,FeastOrFamine,low,2795,945,266,4795,47950,fixture-synthetic-v1
2026-07-29T00:00:00Z,2026-07-20T00:00:00Z,2026-07-27T00:00:00Z,CROW,soloShowdown,FeastOrFamine,low,2185,797,218,4795,47950,fixture-synthetic-v1
2026-07-29T00:00:00Z,2026-07-20T00:00:00Z,2026-07-27T00:00:00Z,ELPRIMO,soloShowdown,FeastOrFamine,low,2405,840,262,4795,47950,fixture-synthetic-v1
2026-07-29T00:00:00Z,2026-07-20T00:00:00Z,2026-07-27T00:00:00Z,PIPER,soloShowdown,FeastOrFamine,low,1908,675,177,4795,47950,fixture-synthetic-v1
2026-07-29T00:00:00Z,2026-07-20T00:00:00Z,2026-07-27T00:00:00Z,SPIKE,soloShowdown,FeastOrFamine,mid,5131,1854,502,8139,81390,fixture-synthetic-v1
2026-07-29T00:00:00Z,2026-07-20T00:00:00Z,2026-07-27T00:00:00Z,CROW,soloShowdown,FeastOrFamine,mid,3836,1455,357,8139,81390,fixture-synthetic-v1
2026-07-29T00:00:00Z,2026-07-20T00:00:00Z,2026-07-27T00:00:00Z,ELPRIMO,soloShowdown,FeastOrFamine,mid,4530,1530,440,8139,81390,fixture-synthetic-v1
2026-07-29T00:00:00Z,2026-07-20T00:00:00Z,2026-07-27T00:00:00Z,PIPER,soloShowdown,FeastOrFamine,mid,3889,1337,399,8139,81390,fixture-synthetic-v1
2026-07-29T00:00:00Z,2026-07-20T00:00:00Z,2026-07-27T00:00:00Z,SPIKE,soloShowdown,FeastOrFamine,high,891,362,74,1435,14350,fixture-synthetic-v1
2026-07-29T00:00:00Z,2026-07-20T00:00:00Z,2026-07-27T00:00:00Z,CROW,soloShowdown,FeastOrFamine,high,694,256,73,1435,14350,fixture-synthetic-v1
2026-07-29T00:00:00Z,2026-07-20T00:00:00Z,2026-07-27T00:00:00Z,ELPRIMO,soloShowdown,FeastOrFamine,high,784,238,84,1435,14350,fixture-synthetic-v1
2026-07-29T00:00:00Z,2026-07-20T00:00:00Z,2026-07-27T00:00:00Z,PIPER,soloShowdown,FeastOrFamine,high,638,229,71,1435,14350,fixture-synthetic-v1
2026-07-29T00:00:00Z,2026-07-20T00:00:00Z,2026-07-27T00:00:00Z,SPIKE,soloShowdown,RockwallBrawl,low,3069,1142,303,5178,51780,fixture-synthetic-v1
2026-07-29T00:00:00Z,2026-07-20T00:00:00Z,2026-07-27T00:00:00Z,CROW,soloShowdown,RockwallBrawl,low,2694,1039,265,5178,51780,fixture-synthetic-v1
2026-07-29T00:00:00Z,2026-07-20T00:00:00Z,2026-07-27T00:00:00Z,ELPRIMO,soloShowdown,RockwallBrawl,low,3041,1072,263,5178,51780,fixture-synthetic-v1
2026-07-29T00:00:00Z,2026-07-20T00:00:00Z,2026-07-27T00:00:00Z,PIPER,soloShowdown,RockwallBrawl,low,2172,796,206,5178,51780,fixture-synthetic-v1
2026-07-29T00:00:00Z,2026-07-20T00:00:00Z,2026-07-27T00:00:00Z,SPIKE,soloShowdown,RockwallBrawl,mid,6824,2579,631,10099,100990,fixture-synthetic-v1
2026-07-29T00:00:00Z,2026-07-20T00:00:00Z,2026-07-27T00:00:00Z,CROW,soloShowdown,RockwallBrawl,mid,5288,2087,536,10099,100990,fixture-synthetic-v1
2026-07-29T00:00:00Z,2026-07-20T00:00:00Z,2026-07-27T00:00:00Z,ELPRIMO,soloShowdown,RockwallBrawl,mid,6148,2141,665,10099,100990,fixture-synthetic-v1
2026-07-29T00:00:00Z,2026-07-20T00:00:00Z,2026-07-27T00:00:00Z,PIPER,soloShowdown,RockwallBrawl,mid,3830,1379,384,10099,100990,fixture-synthetic-v1
2026-07-29T00:00:00Z,2026-07-20T00:00:00Z,2026-07-27T00:00:00Z,SPIKE,soloShowdown,RockwallBrawl,high,19,10,0,31,310,fixture-synthetic-v1
2026-07-29T00:00:00Z,2026-07-20T00:00:00Z,2026-07-27T00:00:00Z,CROW,soloShowdown,RockwallBrawl,high,13,5,1,31,310,fixture-synthetic-v1
2026-07-29T00:00:00Z,2026-07-20T00:00:00Z,2026-07-27T00:00:00Z,ELPRIMO,soloShowdown,RockwallBrawl,high,17,6,3,31,310,fixture-synthetic-v1
2026-07-29T00:00:00Z,2026-07-20T00:00:00Z,2026-07-27T00:00:00Z,PIPER,soloShowdown,RockwallBrawl,high,13,5,1,31,310,fixture-synthetic-v1
2026-08-05T00:00:00Z,2026-07-27T00:00:00Z,2026-08-03T00:00:00Z,SPIKE,brawlBall,BackyardBowl,low,2375,1163,114,5810,34860,fixture-synthetic-v1
2026-08-05T00:00:00Z,2026-07-27T00:00:00Z,2026-08-03T00:00:00Z,CROW,brawlBall,BackyardBowl,low,1777,789,76,5810,34860,fixture-synthetic-v1
2026-08-05T00:00:00Z,2026-07-27T00:00:00Z,2026-08-03T00:00:00Z,ELPRIMO,brawlBall,BackyardBowl,low,1985,1045,101,5810,34860,fixture-synthetic-v1
2026-08-05T00:00:00Z,2026-07-27T00:00:00Z,2026-08-03T00:00:00Z,PIPER,brawlBall,BackyardBowl,low,1435,675,69,5810,34860,fixture-synthetic-v1
2026-08-05T00:00:00Z,2026-07-27T00:00:00Z,2026-08-03T00:00:00Z,SPIKE,brawlBall,BackyardBowl,mid,3508,1750,156,8937,53622,fixture-synthetic-v1
2026-08-05T00:00:00Z,2026-07-27T00:00:00Z,2026-08-03T00:00:00Z,CROW,brawlBall,BackyardBowl,mid,2726,1228,122,8937,53622,fixture-synthetic-v1
2026-08-05T00:00:00Z,2026-07-27T00:00:00Z,2026-08-03T00:00:00Z,ELPRIMO,brawlBall,BackyardBowl,mid,2760,1410,141,8937,53622,fixture-synthetic-v1
2026-08-05T00:00:00Z,2026-07-27T00:00:00Z,2026-08-03T00:00:00Z,PIPER,brawlBall,BackyardBowl,mid,2289,1095,96,8937,53622,fixture-synthetic-v1
2026-08-05T00:00:00Z,2026-07-27T00:00:00Z,2026-08-03T00:00:00Z,SPIKE,brawlBall,BackyardBowl,high,521,275,31,1374,8244,fixture-synthetic-v1
2026-08-05T00:00:00Z,2026-07-27T00:00:00Z,2026-08-03T00:00:00Z,CROW,brawlBall,BackyardBowl,high,438,217,19,1374,8244,fixture-synthetic-v1
2026-08-05T00:00:00Z,2026-07-27T00:00:00Z,2026-08-03T00:00:00Z,ELPRIMO,brawlBall,BackyardBowl,high,418,212,22,1374,8244,fixture-synthetic-v1
2026-08-05T00:00:00Z,2026-07-27T00:00:00Z,2026-08-03T00:00:00Z,PIPER,brawlBall,BackyardBowl,high,342,184,13,1374,8244,fixture-synthetic-v1
2026-08-05T00:00:00Z,2026-07-27T00:00:00Z,2026-08-03T00:00:00Z,SPIKE,brawlBall,PinholePunt,low,2230,1087,100,5689,34134,fixture-synthetic-v1
2026-08-05T00:00:00Z,2026-07-27T00:00:00Z,2026-08-03T00:00:00Z,CROW,brawlBall,PinholePunt,low,1589,713,76,5689,34134,fixture-synthetic-v1
2026-08-05T00:00:00Z,2026-07-27T00:00:00Z,2026-08-03T00:00:00Z,ELPRIMO,brawlBall,PinholePunt,low,1935,1070,82,5689,34134,fixture-synthetic-v1
2026-08-05T00:00:00Z,2026-07-27T00:00:00Z,2026-08-03T00:00:00Z,PIPER,brawlBall,PinholePunt,low,1487,740,77,5689,34134,fixture-synthetic-v1
2026-08-05T00:00:00Z,2026-07-27T00:00:00Z,2026-08-03T00:00:00Z,SPIKE,brawlBall,PinholePunt,mid,3705,1907,183,9647,57882,fixture-synthetic-v1
2026-08-05T00:00:00Z,2026-07-27T00:00:00Z,2026-08-03T00:00:00Z,CROW,brawlBall,PinholePunt,mid,2703,1285,108,9647,57882,fixture-synthetic-v1
2026-08-05T00:00:00Z,2026-07-27T00:00:00Z,2026-08-03T00:00:00Z,ELPRIMO,brawlBall,PinholePunt,mid,3283,1746,144,9647,57882,fixture-synthetic-v1
2026-08-05T00:00:00Z,2026-07-27T00:00:00Z,2026-08-03T00:00:00Z,PIPER,brawlBall,PinholePunt,mid,2585,1267,115,9647,57882,fixture-synthetic-v1
2026-08-05T00:00:00Z,2026-07-27T00:00:00Z,2026-08-03T00:00:00Z,SPIKE,brawlBall,PinholePunt,high,474,277,12,1422,8532,fixture-synthetic-v1
2026-08-05T00:00:00Z,2026-07-27T00:00:00Z,2026-08-03T00:00:00Z,CROW,brawlBall,PinholePunt,high,424,204,23,1422,8532,fixture-synthetic-v1
2026-08-05T00:00:00Z,2026-07-27T00:00:00Z,2026-08-03T00:00:00Z,ELPRIMO,brawlBall,PinholePunt,high,478,237,17,1422,8532,fixture-synthetic-v1
2026-08-05T00:00:00Z,2026-07-27T00:00:00Z,2026-08-03T00:00:00Z,PIPER,brawlBall,PinholePunt,high,389,185,22,1422,8532,fixture-synthetic-v1
2026-08-05T00:00:00Z,2026-07-27T00:00:00Z,2026-08-03T00:00:00Z,SPIKE,brawlBall,SneakySneak,low,1406,670,67,4339,26034,fixture-synthetic-v1
2026-08-05T00:00:00Z,2026-07-27T00:00:00Z,2026-08-03T00:00:00Z,CROW,brawlBall,SneakySneak,low,1388,601,50,4339,26034,fixture-synthetic-v1
2026-08-05T00:00:00Z,2026-07-27T00:00:00Z,2026-08-03T00:00:00Z,ELPRIMO,brawlBall,SneakySneak,low,1553,835,84,4339,26034,fixture-synthetic-v1
2026-08-05T00:00:00Z,2026-07-27T00:00:00Z,2026-08-03T00:00:00Z,PIPER,brawlBall,SneakySneak,low,1142,524,57,4339,26034,fixture-synthetic-v1
2026-08-05T00:00:00Z,2026-07-27T00:00:00Z,2026-08-03T00:00:00Z,SPIKE,brawlBall,SneakySneak,mid,2949,1513,127,8272,49632,fixture-synthetic-v1
2026-08-05T00:00:00Z,2026-07-27T00:00:00Z,2026-08-03T00:00:00Z,CROW,brawlBall,SneakySneak,mid,2439,1110,107,8272,49632,fixture-synthetic-v1
2026-08-05T00:00:00Z,2026-07-27T00:00:00Z,2026-08-03T00:00:00Z,ELPRIMO,brawlBall,SneakySneak,mid,2690,1457,120,8272,49632,fixture-synthetic-v1
2026-08-05T00:00:00Z,2026-07-27T00:00:00Z,2026-08-03T00:00:00Z,PIPER,brawlBall,SneakySneak,mid,2118,969,103,8272,49632,fixture-synthetic-v1
2026-08-05T00:00:00Z,2026-07-27T00:00:00Z,2026-08-03T00:00:00Z,SPIKE,brawlBall,SneakySneak,high,382,209,14,1184,7104,fixture-synthetic-v1
2026-08-05T00:00:00Z,2026-07-27T00:00:00Z,2026-08-03T00:00:00Z,CROW,brawlBall,SneakySneak,high,314,158,12,1184,7104,fixture-synthetic-v1
2026-08-05T00:00:00Z,2026-07-27T00:00:00Z,2026-08-03T00:00:00Z,ELPRIMO,brawlBall,SneakySneak,high,356,174,19,1184,7104,fixture-synthetic-v1
2026-08-05T00:00:00Z,2026-07-27T00:00:00Z,2026-08-03T00:00:00Z,PIPER,brawlBall,SneakySneak,high,315,154,15,1184,7104,fixture-synthetic-v1
2026-08-05T00:00:00Z,2026-07-27T00:00:00Z,2026-08-03T00:00:00Z,SPIKE,gemGrab,HardRockMine,low,1606,860,53,4451,26706,fixture-synthetic-v1
2026-08-05T00:00:00Z,2026-07-27T00:00:00Z,2026-08-03T00:00:00Z,CROW,gemGrab,HardRockMine,low,1311,650,42,4451,26706,fixture-synthetic-v1
2026-08-05T00:00:00Z,2026-07-27T00:00:00Z,2026-08-03T00:00:00Z,ELPRIMO,gemGrab,HardRockMine,low,1632,843,69,4451,26706,fixture-synthetic-v1
2026-08-05T00:00:00Z,2026-07-27T00:00:00Z,2026-08-03T00:00:00Z,PIPER,gemGrab,HardRockMine,low,1109,538,35,4451,26706,fixture-synthetic-v1
2026-08-05T00:00:00Z,2026-07-27T00:00:00Z,2026-08-03T00:00:00Z,SPIKE,gemGrab,HardRockMine,mid,2831,1533,97,8705,52230,fixture-synthetic-v1
2026-08-05T00:00:00Z,2026-07-27T00:00:00Z,2026-08-03T00:00:00Z,CROW,gemGrab,HardRockMine,mid,2622,1396,88,8705,52230,fixture-synthetic-v1
2026-08-05T00:00:00Z,2026-07-27T00:00:00Z,2026-08-03T00:00:00Z,ELPRIMO,gemGrab,HardRockMine,mid,2627,1290,104,8705,52230,fixture-synthetic-v1
2026-08-05T00:00:00Z,2026-07-27T00:00:00Z,2026-08-03T00:00:00Z,PIPER,gemGrab,HardRockMine,mid,2325,1163,84,8705,52230,fixture-synthetic-v1
2026-08-05T00:00:00Z,2026-07-27T00:00:00Z,2026-08-03T00:00:00Z,SPIKE,gemGrab,HardRockMine,high,534,294,19,1413,8478,fixture-synthetic-v1
2026-08-05T00:00:00Z,2026-07-27T00:00:00Z,2026-08-03T00:00:00Z,CROW,gemGrab,HardRockMine,high,417,221,15,1413,8478,fixture-synthetic-v1
2026-08-05T00:00:00Z,2026-07-27T00:00:00Z,2026-08-03T00:00:00Z,ELPRIMO,gemGrab,HardRockMine,high,477,239,21,1413,8478,fixture-synthetic-v1
2026-08-05T00:00:00Z,2026-07-27T00:00:00Z,2026-08-03T00:00:00Z,PIPER,gemGrab,HardRockMine,high,337,187,13,1413,8478,fixture-synthetic-v1
2026-08-05T00:00:00Z,2026-07-27T00:00:00Z,2026-08-03T00:00:00Z,SPIKE,gemGrab,DoubleSwoosh,low,1818,954,50,4446,26676,fixture-synthetic-v1
2026-08-05T00:00:00Z,2026-07-27T00:00:00Z,2026-08-03T00:00:00Z,CROW,gemGrab,DoubleSwoosh,low,1426,659,40,4446,26676,fixture-synthetic-v1
2026-08-05T00:00:00Z,2026-07-27T00:00:00Z,2026-08-03T00:00:00Z,ELPRIMO,gemGrab,DoubleSwoosh,low,1463,701,58,4446,26676,fixture-synthetic-v1
2026-08-05T00:00:00Z,2026-07-27T00:00:00Z,2026-08-03T00:00:00Z,PIPER,gemGrab,DoubleSwoosh,low,1159,593,38,4446,26676,fixture-synthetic-v1
2026-08-05T00:00:00Z,2026-07-27T00:00:00Z,2026-08-03T00:00:00Z,SPIKE,gemGrab,DoubleSwoosh,mid,3998,2132,131,9889,59334,fixture-synthetic-v1
2026-08-05T00:00:00Z,2026-07-27T00:00:00Z,2026-08-03T00:00:00Z,CROW,gemGrab,DoubleSwoosh,mid,3015,1463,94,9889,59334,fixture-synthetic-v1
2026-08-05T00:00:00Z,2026-07-27T00:00:00Z,2026-08-03T00:00:00Z,ELPRIMO,gemGrab,DoubleSwoosh,mid,3003,1429,100,9889,59334,fixture-synthetic-v1
2026-08-05T00:00:00Z,2026-07-27T00:00:00Z,2026-08-03T00:00:00Z,PIPER,gemGrab,DoubleSwoosh,mid,2294,1157,68,9889,59334,fixture-synthetic-v1
2026-08-05T00:00:00Z,2026-07-27T00:00:00Z,2026-08-03T00:00:00Z,SPIKE,gemGrab,DoubleSwoosh,high,470,267,14,1208,7248,fixture-synthetic-v1
2026-08-05T00:00:00Z,2026-07-27T00:00:00Z,2026-08-03T00:00:00Z,CROW,gemGrab,DoubleSwoosh,high,310,155,9,1208,7248,fixture-synthetic-v1
2026-08-05T00:00:00Z,2026-07-27T00:00:00Z,2026-08-03T00:00:00Z,ELPRIMO,gemGrab,DoubleSwoosh,high,414,203,14,1208,7248,fixture-synthetic-v1
2026-08-05T00:00:00Z,2026-07-27T00:00:00Z,2026-08-03T00:00:00Z,PIPER,gemGrab,DoubleSwoosh,high,331,166,17,1208,7248,fixture-synthetic-v1
2026-08-05T00:00:00Z,2026-07-27T00:00:00Z,2026-08-03T00:00:00Z,SPIKE,gemGrab,UndermineGG,low,1799,954,70,4859,29154,fixture-synthetic-v1
2026-08-05T00:00:00Z,2026-07-27T00:00:00Z,2026-08-03T00:00:00Z,CROW,gemGrab,UndermineGG,low,1439,645,64,4859,29154,fixture-synthetic-v1
2026-08-05T00:00:00Z,2026-07-27T00:00:00Z,2026-08-03T00:00:00Z,ELPRIMO,gemGrab,UndermineGG,low,1594,777,50,4859,29154,fixture-synthetic-v1
2026-08-05T00:00:00Z,2026-07-27T00:00:00Z,2026-08-03T00:00:00Z,PIPER,gemGrab,UndermineGG,low,1389,688,46,4859,29154,fixture-synthetic-v1
2026-08-05T00:00:00Z,2026-07-27T00:00:00Z,2026-08-03T00:00:00Z,SPIKE,gemGrab,UndermineGG,mid,3747,2034,153,9327,55962,fixture-synthetic-v1
2026-08-05T00:00:00Z,2026-07-27T00:00:00Z,2026-08-03T00:00:00Z,CROW,gemGrab,UndermineGG,mid,2719,1338,97,9327,55962,fixture-synthetic-v1
2026-08-05T00:00:00Z,2026-07-27T00:00:00Z,2026-08-03T00:00:00Z,ELPRIMO,gemGrab,UndermineGG,mid,3109,1469,100,9327,55962,fixture-synthetic-v1
2026-08-05T00:00:00Z,2026-07-27T00:00:00Z,2026-08-03T00:00:00Z,PIPER,gemGrab,UndermineGG,mid,2222,1102,59,9327,55962,fixture-synthetic-v1
2026-08-05T00:00:00Z,2026-07-27T00:00:00Z,2026-08-03T00:00:00Z,SPIKE,gemGrab,UndermineGG,high,457,261,19,1354,8124,fixture-synthetic-v1
2026-08-05T00:00:00Z,2026-07-27T00:00:00Z,2026-08-03T00:00:00Z,CROW,gemGrab,UndermineGG,high,401,218,11,1354,8124,fixture-synthetic-v1
2026-08-05T00:00:00Z,2026-07-27T00:00:00Z,2026-08-03T00:00:00Z,ELPRIMO,gemGrab,UndermineGG,high,399,176,10,1354,8124,fixture-synthetic-v1
2026-08-05T00:00:00Z,2026-07-27T00:00:00Z,2026-08-03T00:00:00Z,PIPER,gemGrab,UndermineGG,high,340,168,13,1354,8124,fixture-synthetic-v1
2026-08-05T00:00:00Z,2026-07-27T00:00:00Z,2026-08-03T00:00:00Z,SPIKE,soloShowdown,SkullCreek,low,3260,1189,308,5096,50960,fixture-synthetic-v1
2026-08-05T00:00:00Z,2026-07-27T00:00:00Z,2026-08-03T00:00:00Z,CROW,soloShowdown,SkullCreek,low,2387,942,242,5096,50960,fixture-synthetic-v1
2026-08-05T00:00:00Z,2026-07-27T00:00:00Z,2026-08-03T00:00:00Z,ELPRIMO,soloShowdown,SkullCreek,low,3046,1090,308,5096,50960,fixture-synthetic-v1
2026-08-05T00:00:00Z,2026-07-27T00:00:00Z,2026-08-03T00:00:00Z,PIPER,soloShowdown,SkullCreek,low,2422,864,260,5096,50960,fixture-synthetic-v1
2026-08-05T00:00:00Z,2026-07-27T00:00:00Z,2026-08-03T00:00:00Z,SPIKE,soloShowdown,SkullCreek,mid,5916,2201,595,9022,90220,fixture-synthetic-v1
2026-08-05T00:00:00Z,2026-07-27T00:00:00Z,2026-08-03T00:00:00Z,CROW,soloShowdown,SkullCreek,mid,3940,1570,408,9022,90220,fixture-synthetic-v1
2026-08-05T00:00:00Z,2026-07-27T00:00:00Z,2026-08-03T00:00:00Z,ELPRIMO,soloShowdown,SkullCreek,mid,5375,1885,523,9022,90220,fixture-synthetic-v1
2026-08-05T00:00:00Z,2026-07-27T00:00:00Z,2026-08-03T00:00:00Z,PIPER,soloShowdown,SkullCreek,mid,4231,1593,387,9022,90220,fixture-synthetic-v1
2026-08-05T00:00:00Z,2026-07-27T00:00:00Z,2026-08-03T00:00:00Z,SPIKE,soloShowdown,SkullCreek,high,731,290,71,1162,11620,fixture-synthetic-v1
2026-08-05T00:00:00Z,2026-07-27T00:00:00Z,2026-08-03T00:00:00Z,CROW,soloShowdown,SkullCreek,high,517,222,58,1162,11620,fixture-synthetic-v1
2026-08-05T00:00:00Z,2026-07-27T00:00:00Z,2026-08-03T00:00:00Z,ELPRIMO,soloShowdown,SkullCreek,high,671,205,67,1162,11620,fixture-synthetic-v1
2026-08-05T00:00:00Z,2026-07-27T00:00:00Z,2026-08-03T00:00:00Z,PIPER,soloShowdown,SkullCreek,high,440,157,49,1162,11620,fixture-synthetic-v1
2026-08-05T00:00:00Z,2026-07-27T00:00:00Z,2026-08-03T00:00:00Z,SPIKE,soloShowdown,FeastOrFamine,low,3044,1064,331,5587,55870,fixture-synthetic-v1
2026-08-05T00:00:00Z,2026-07-27T00:00:00Z,2026-08-03T00:00:00Z,CROW,soloShowdown,FeastOrFamine,low,2959,1102,282,5587,55870,fixture-synthetic-v1
2026-08-05T00:00:00Z,2026-07-27T00:00:00Z,2026-08-03T00:00:00Z,ELPRIMO,soloShowdown,FeastOrFamine,low,3261,1131,321,5587,55870,fixture-synthetic-v1
2026-08-05T00:00:00Z,2026-07-27T00:00:00Z,2026-08-03T00:00:00Z,PIPER,soloShowdown,FeastOrFamine,low,2489,871,238,5587,55870,fixture-synthetic-v1
2026-08-05T00:00:00Z,2026-07-27T00:00:00Z,2026-08-03T00:00:00Z,SPIKE,soloShowdown,FeastOrFamine,mid,6974,2518,659,10499,104990,fixture-synthetic-v1
2026-08-05T00:00:00Z,2026-07-27T00:00:00Z,2026-08-03T00:00:00Z,CROW,soloShowdown,FeastOrFamine,mid,4726,1779,511,10499,104990,fixture-synthetic-v1
2026-08-05T00:00:00Z,2026-07-27T00:00:00Z,2026-08-03T00:00:00Z,ELPRIMO,soloShowdown,FeastOrFamine,mid,5421,1755,504,10499,104990,fixture-synthetic-v1
2026-08-05T00:00:00Z,2026-07-27T00:00:00Z,2026-08-03T00:00:00Z,PIPER,soloShowdown,FeastOrFamine,mid,4240,1505,393,10499,104990,fixture-synthetic-v1
2026-08-05T00:00:00Z,2026-07-27T00:00:00Z,2026-08-03T00:00:00Z,SPIKE,soloShowdown,FeastOrFamine,high,934,318,86,1501,15010,fixture-synthetic-v1
2026-08-05T00:00:00Z,2026-07-27T00:00:00Z,2026-08-03T00:00:00Z,CROW,soloShowdown,FeastOrFamine,high,682,263,76,1501,15010,fixture-synthetic-v1
2026-08-05T00:00:00Z,2026-07-27T00:00:00Z,2026-08-03T00:00:00Z,ELPRIMO,soloShowdown,FeastOrFamine,high,742,223,77,1501,15010,fixture-synthetic-v1
2026-08-05T00:00:00Z,2026-07-27T00:00:00Z,2026-08-03T00:00:00Z,PIPER,soloShowdown,FeastOrFamine,high,720,253,83,1501,15010,fixture-synthetic-v1
2026-08-05T00:00:00Z,2026-07-27T00:00:00Z,2026-08-03T00:00:00Z,SPIKE,soloShowdown,RockwallBrawl,low,2579,914,250,4420,44200,fixture-synthetic-v1
2026-08-05T00:00:00Z,2026-07-27T00:00:00Z,2026-08-03T00:00:00Z,CROW,soloShowdown,RockwallBrawl,low,2046,775,206,4420,44200,fixture-synthetic-v1
2026-08-05T00:00:00Z,2026-07-27T00:00:00Z,2026-08-03T00:00:00Z,ELPRIMO,soloShowdown,RockwallBrawl,low,2436,827,232,4420,44200,fixture-synthetic-v1
2026-08-05T00:00:00Z,2026-07-27T00:00:00Z,2026-08-03T00:00:00Z,PIPER,soloShowdown,RockwallBrawl,low,1862,680,171,4420,44200,fixture-synthetic-v1
2026-08-05T00:00:00Z,2026-07-27T00:00:00Z,2026-08-03T00:00:00Z,SPIKE,soloShowdown,RockwallBrawl,mid,5689,2122,533,9580,95800,fixture-synthetic-v1
2026-08-05T00:00:00Z,2026-07-27T00:00:00Z,2026-08-03T00:00:00Z,CROW,soloShowdown,RockwallBrawl,mid,4600,1810,487,9580,95800,fixture-synthetic-v1
2026-08-05T00:00:00Z,2026-07-27T00:00:00Z,2026-08-03T00:00:00Z,ELPRIMO,soloShowdown,RockwallBrawl,mid,5046,1683,521,9580,95800,fixture-synthetic-v1
2026-08-05T00:00:00Z,2026-07-27T00:00:00Z,2026-08-03T00:00:00Z,PIPER,soloShowdown,RockwallBrawl,mid,3942,1390,386,9580,95800,fixture-synthetic-v1
2026-08-05T00:00:00Z,2026-07-27T00:00:00Z,2026-08-03T00:00:00Z,SPIKE,soloShowdown,RockwallBrawl,high,33,13,2,49,490,fixture-synthetic-v1
2026-08-05T00:00:00Z,2026-07-27T00:00:00Z,2026-08-03T00:00:00Z,CROW,soloShowdown,RockwallBrawl,high,25,8,2,49,490,fixture-synthetic-v1
2026-08-05T00:00:00Z,2026-07-27T00:00:00Z,2026-08-03T00:00:00Z,ELPRIMO,soloShowdown,RockwallBrawl,high,28,11,1,49,490,fixture-synthetic-v1
2026-08-05T00:00:00Z,2026-07-27T00:00:00Z,2026-08-03T00:00:00Z,PIPER,soloShowdown,RockwallBrawl,high,19,8,2,49,490,fixture-synthetic-v1
2026-08-12T00:00:00Z,2026-08-03T00:00:00Z,2026-08-10T00:00:00Z,SPIKE,brawlBall,BackyardBowl,low,2365,1117,100,6098,36588,fixture-synthetic-v1
2026-08-12T00:00:00Z,2026-08-03T00:00:00Z,2026-08-10T00:00:00Z,CROW,brawlBall,BackyardBowl,low,1781,762,87,6098,36588,fixture-synthetic-v1
2026-08-12T00:00:00Z,2026-08-03T00:00:00Z,2026-08-10T00:00:00Z,ELPRIMO,brawlBall,BackyardBowl,low,1802,938,64,6098,36588,fixture-synthetic-v1
2026-08-12T00:00:00Z,2026-08-03T00:00:00Z,2026-08-10T00:00:00Z,PIPER,brawlBall,BackyardBowl,low,1496,678,64,6098,36588,fixture-synthetic-v1
2026-08-12T00:00:00Z,2026-08-03T00:00:00Z,2026-08-10T00:00:00Z,SPIKE,brawlBall,BackyardBowl,mid,3464,1748,158,8594,51564,fixture-synthetic-v1
2026-08-12T00:00:00Z,2026-08-03T00:00:00Z,2026-08-10T00:00:00Z,CROW,brawlBall,BackyardBowl,mid,2276,1014,100,8594,51564,fixture-synthetic-v1
2026-08-12T00:00:00Z,2026-08-03T00:00:00Z,2026-08-10T00:00:00Z,ELPRIMO,brawlBall,BackyardBowl,mid,2747,1431,128,8594,51564,fixture-synthetic-v1
2026-08-12T00:00:00Z,2026-08-03T00:00:00Z,2026-08-10T00:00:00Z,PIPER,brawlBall,BackyardBowl,mid,2113,989,97,8594,51564,fixture-synthetic-v1
2026-08-12T00:00:00Z,2026-08-03T00:00:00Z,2026-08-10T00:00:00Z,SPIKE,brawlBall,BackyardBowl,high,489,261,21,1307,7842,fixture-synthetic-v1
2026-08-12T00:00:00Z,2026-08-03T00:00:00Z,2026-08-10T00:00:00Z,CROW,brawlBall,BackyardBowl,high,384,187,13,1307,7842,fixture-synthetic-v1
2026-08-12T00:00:00Z,2026-08-03T00:00:00Z,2026-08-10T00:00:00Z,ELPRIMO,brawlBall,BackyardBowl,high,458,242,19,1307,7842,fixture-synthetic-v1
2026-08-12T00:00:00Z,2026-08-03T00:00:00Z,2026-08-10T00:00:00Z,PIPER,brawlBall,BackyardBowl,high,308,143,16,1307,7842,fixture-synthetic-v1
2026-08-12T00:00:00Z,2026-08-03T00:00:00Z,2026-08-10T00:00:00Z,SPIKE,brawlBall,PinholePunt,low,1739,855,86,4718,28308,fixture-synthetic-v1
2026-08-12T00:00:00Z,2026-08-03T00:00:00Z,2026-08-10T00:00:00Z,CROW,brawlBall,PinholePunt,low,1516,705,81,4718,28308,fixture-synthetic-v1
2026-08-12T00:00:00Z,2026-08-03T00:00:00Z,2026-08-10T00:00:00Z,ELPRIMO,brawlBall,PinholePunt,low,1538,873,76,4718,28308,fixture-synthetic-v1
2026-08-12T00:00:00Z,2026-08-03T00:00:00Z,2026-08-10T00:00:00Z,PIPER,brawlBall,PinholePunt,low,1302,632,64,4718,28308,fixture-synthetic-v1
2026-08-12T00:00:00Z,2026-08-03T00:00:00Z,2026-08-10T00:00:00Z,SPIKE,brawlBall,PinholePunt,mid,2872,1513,145,7562,45372,fixture-synthetic-v1
2026-08-12T00:00:00Z,2026-08-03T00:00:00Z,2026-08-10T00:00:00Z,CROW,brawlBall,PinholePunt,mid,2352,1119,92,7562,45372,fixture-synthetic-v1
2026-08-12T00:00:00Z,2026-08-03T00:00:00Z,2026-08-10T00:00:00Z,ELPRIMO,brawlBall,PinholePunt,mid,2301,1257,112,7562,45372,fixture-synthetic-v1
2026-08-12T00:00:00Z,2026-08-03T00:00:00Z,2026-08-10T00:00:00Z,PIPER,brawlBall,PinholePunt,mid,1824,931,83,7562,45372,fixture-synthetic-v1
2026-08-12T00:00:00Z,2026-08-03T00:00:00Z,2026-08-10T00:00:00Z,SPIKE,brawlBall,PinholePunt,high,496,277,23,1283,7698,fixture-synthetic-v1
2026-08-12T00:00:00Z,2026-08-03T00:00:00Z,2026-08-10T00:00:00Z,CROW,brawlBall,PinholePunt,high,388,195,13,1283,7698,fixture-synthetic-v1
2026-08-12T00:00:00Z,2026-08-03T00:00:00Z,2026-08-10T00:00:00Z,ELPRIMO,brawlBall,PinholePunt,high,461,249,19,1283,7698,fixture-synthetic-v1
2026-08-12T00:00:00Z,2026-08-03T00:00:00Z,2026-08-10T00:00:00Z,PIPER,brawlBall,PinholePunt,high,366,179,21,1283,7698,fixture-synthetic-v1
2026-08-12T00:00:00Z,2026-08-03T00:00:00Z,2026-08-10T00:00:00Z,SPIKE,brawlBall,SneakySneak,low,1897,907,81,5351,32106,fixture-synthetic-v1
2026-08-12T00:00:00Z,2026-08-03T00:00:00Z,2026-08-10T00:00:00Z,CROW,brawlBall,SneakySneak,low,1610,720,77,5351,32106,fixture-synthetic-v1
2026-08-12T00:00:00Z,2026-08-03T00:00:00Z,2026-08-10T00:00:00Z,ELPRIMO,brawlBall,SneakySneak,low,1688,919,59,5351,32106,fixture-synthetic-v1
2026-08-12T00:00:00Z,2026-08-03T00:00:00Z,2026-08-10T00:00:00Z,PIPER,brawlBall,SneakySneak,low,1416,670,40,5351,32106,fixture-synthetic-v1
2026-08-12T00:00:00Z,2026-08-03T00:00:00Z,2026-08-10T00:00:00Z,SPIKE,brawlBall,SneakySneak,mid,3198,1642,132,8051,48306,fixture-synthetic-v1
2026-08-12T00:00:00Z,2026-08-03T00:00:00Z,2026-08-10T00:00:00Z,CROW,brawlBall,SneakySneak,mid,2504,1131,99,8051,48306,fixture-synthetic-v1
2026-08-12T00:00:00Z,2026-08-03T00:00:00Z,2026-08-10T00:00:00Z,ELPRIMO,brawlBall,SneakySneak,mid,2674,1371,127,8051,48306,fixture-synthetic-v1
2026-08-12T00:00:00Z,2026-08-03T00:00:00Z,2026-08-10T00:00:00Z,PIPER,brawlBall,SneakySneak,mid,2249,1025,103,8051,48306,fixture-synthetic-v1
2026-08-12T00:00:00Z,2026-08-03T00:00:00Z,2026-08-10T00:00:00Z,SPIKE,brawlBall,SneakySneak,high,585,287,24,1479,8874,fixture-synthetic-v1
2026-08-12T00:00:00Z,2026-08-03T00:00:00Z,2026-08-10T00:00:00Z,CROW,brawlBall,SneakySneak,high,469,205,25,1479,8874,fixture-synthetic-v1
2026-08-12T00:00:00Z,2026-08-03T00:00:00Z,2026-08-10T00:00:00Z,ELPRIMO,brawlBall,SneakySneak,high,506,243,30,1479,8874,fixture-synthetic-v1
2026-08-12T00:00:00Z,2026-08-03T00:00:00Z,2026-08-10T00:00:00Z,PIPER,brawlBall,SneakySneak,high,394,182,16,1479,8874,fixture-synthetic-v1
2026-08-12T00:00:00Z,2026-08-03T00:00:00Z,2026-08-10T00:00:00Z,SPIKE,gemGrab,HardRockMine,low,1968,1023,72,5108,30648,fixture-synthetic-v1
2026-08-12T00:00:00Z,2026-08-03T00:00:00Z,2026-08-10T00:00:00Z,CROW,gemGrab,HardRockMine,low,1465,737,57,5108,30648,fixture-synthetic-v1
2026-08-12T00:00:00Z,2026-08-03T00:00:00Z,2026-08-10T00:00:00Z,ELPRIMO,gemGrab,HardRockMine,low,1828,922,61,5108,30648,fixture-synthetic-v1
2026-08-12T00:00:00Z,2026-08-03T00:00:00Z,2026-08-10T00:00:00Z,PIPER,gemGrab,HardRockMine,low,1471,735,54,5108,30648,fixture-synthetic-v1
2026-08-12T00:00:00Z,2026-08-03T00:00:00Z,2026-08-10T00:00:00Z,SPIKE,gemGrab,HardRockMine,mid,3390,1900,134,8987,53922,fixture-synthetic-v1
2026-08-12T00:00:00Z,2026-08-03T00:00:00Z,2026-08-10T00:00:00Z,CROW,gemGrab,HardRockMine,mid,2434,1200,82,8987,53922,fixture-synthetic-v1
2026-08-12T00:00:00Z,2026-08-03T00:00:00Z,2026-08-10T00:00:00Z,ELPRIMO,gemGrab,HardRockMine,mid,3116,1555,112,8987,53922,fixture-synthetic-v1
2026-08-12T00:00:00Z,2026-08-03T00:00:00Z,2026-08-10T00:00:00Z,PIPER,gemGrab,HardRockMine,mid,2183,1160,77,8987,53922,fixture-synthetic-v1
2026-08-12T00:00:00Z,2026-08-03T00:00:00Z,2026-08-10T00:00:00Z,SPIKE,gemGrab,HardRockMine,high,509,298,23,1335,8010,fixture-synthetic-v1
2026-08-12T00:00:00Z,2026-08-03T00:00:00Z,2026-08-10T00:00:00Z,CROW,gemGrab,HardRockMine,high,396,204,15,1335,8010,fixture-synthetic-v1
2026-08-12T00:00:00Z,2026-08-03T00:00:00Z,2026-08-10T00:00:00Z,ELPRIMO,gemGrab,HardRockMine,high,420,214,19,1335,8010,fixture-synthetic-v1
2026-08-12T00:00:00Z,2026-08-03T00:00:00Z,2026-08-10T00:00:00Z,PIPER,gemGrab,HardRockMine,high,375,206,14,1335,8010,fixture-synthetic-v1
2026-08-12T00:00:00Z,2026-08-03T00:00:00Z,2026-08-10T00:00:00Z,SPIKE,gemGrab,DoubleSwoosh,low,1940,1007,64,4815,28890,fixture-synthetic-v1
2026-08-12T00:00:00Z,2026-08-03T00:00:00Z,2026-08-10T00:00:00Z,CROW,gemGrab,DoubleSwoosh,low,1487,692,56,4815,28890,fixture-synthetic-v1
2026-08-12T00:00:00Z,2026-08-03T00:00:00Z,2026-08-10T00:00:00Z,ELPRIMO,gemGrab,DoubleSwoosh,low,1523,737,48,4815,28890,fixture-synthetic-v1
2026-08-12T00:00:00Z,2026-08-03T00:00:00Z,2026-08-10T00:00:00Z,PIPER,gemGrab,DoubleSwoosh,low,1193,581,45,4815,28890,fixture-synthetic-v1
2026-08-12T00:00:00Z,2026-08-03T00:00:00Z,2026-08-10T00:00:00Z,SPIKE,gemGrab,DoubleSwoosh,mid,3014,1579,121,7697,46182,fixture-synthetic-v1
2026-08-12T00:00:00Z,2026-08-03T00:00:00Z,2026-08-10T00:00:00Z,CROW,gemGrab,DoubleSwoosh,mid,2032,1016,61,7697,46182,fixture-synthetic-v1
2026-08-12T00:00:00Z,2026-08-03T00:00:00Z,2026-08-10T00:00:00Z,ELPRIMO,gemGrab,DoubleSwoosh,mid,2737,1301,100,7697,46182,fixture-synthetic-v1
2026-08-12T00:00:00Z,2026-08-03T00:00:00Z,2026-08-10T00:00:00Z,PIPER,gemGrab,DoubleSwoosh,mid,1782,905,73,7697,46182,fixture-synthetic-v1
2026-08-12T00:00:00Z,2026-08-03T00:00:00Z,2026-08-10T00:00:00Z,SPIKE,gemGrab,DoubleSwoosh,high,640,342,24,1567,9402,fixture-synthetic-v1
2026-08-12T00:00:00Z,2026-08-03T00:00:00Z,2026-08-10T00:00:00Z,CROW,gemGrab,DoubleSwoosh,high,480,248,14,1567,9402,fixture-synthetic-v1
2026-08-12T00:00:00Z,2026-08-03T00:00:00Z,2026-08-10T00:00:00Z,ELPRIMO,gemGrab,DoubleSwoosh,high,479,206,21,1567,9402,fixture-synthetic-v1
2026-08-12T00:00:00Z,2026-08-03T00:00:00Z,2026-08-10T00:00:00Z,PIPER,gemGrab,DoubleSwoosh,high,429,223,7,1567,9402,fixture-synthetic-v1
2026-08-12T00:00:00Z,2026-08-03T00:00:00Z,2026-08-10T00:00:00Z,SPIKE,gemGrab,UndermineGG,low,2383,1247,81,6030,36180,fixture-synthetic-v1
2026-08-12T00:00:00Z,2026-08-03T00:00:00Z,2026-08-10T00:00:00Z,CROW,gemGrab,UndermineGG,low,1853,906,60,6030,36180,fixture-synthetic-v1
2026-08-12T00:00:00Z,2026-08-03T00:00:00Z,2026-08-10T00:00:00Z,ELPRIMO,gemGrab,UndermineGG,low,2011,972,63,6030,36180,fixture-synthetic-v1
2026-08-12T00:00:00Z,2026-08-03T00:00:00Z,2026-08-10T00:00:00Z,PIPER,gemGrab,UndermineGG,low,1566,780,48,6030,36180,fixture-synthetic-v1
2026-08-12T00:00:00Z,2026-08-03T00:00:00Z,2026-08-10T00:00:00Z,SPIKE,gemGrab,UndermineGG,mid,3267,1769,114,9148,54888,fixture-synthetic-v1
2026-08-12T00:00:00Z,2026-08-03T00:00:00Z,2026-08-10T00:00:00Z,CROW,gemGrab,UndermineGG,mid,2519,1235,78,9148,54888,fixture-synthetic-v1
2026-08-12T00:00:00Z,2026-08-03T00:00:00Z,2026-08-10T00:00:00Z,ELPRIMO,gemGrab,UndermineGG,mid,3212,1529,110,9148,54888,fixture-synthetic-v1
2026-08-12T00:00:00Z,2026-08-03T00:00:00Z,2026-08-10T00:00:00Z,PIPER,gemGrab,UndermineGG,mid,2578,1282,93,9148,54888,fixture-synthetic-v1
2026-08-12T00:00:00Z,2026-08-03T00:00:00Z,2026-08-10T00:00:00Z,SPIKE,gemGrab,UndermineGG,high,473,277,20,1184,7104,fixture-synthetic-v1
2026-08-12T00:00:00Z,2026-08-03T00:00:00Z,2026-08-10T00:00:00Z,CROW,gemGrab,UndermineGG,high,380,180,11,1184,7104,fixture-synthetic-v1
2026-08-12T00:00:00Z,2026-08-03T00:00:00Z,2026-08-10T00:00:00Z,ELPRIMO,gemGrab,UndermineGG,high,361,182,13,1184,7104,fixture-synthetic-v1
2026-08-12T00:00:00Z,2026-08-03T00:00:00Z,2026-08-10T00:00:00Z,PIPER,gemGrab,UndermineGG,high,336,164,11,1184,7104,fixture-synthetic-v1
2026-08-12T00:00:00Z,2026-08-03T00:00:00Z,2026-08-10T00:00:00Z,SPIKE,soloShowdown,SkullCreek,low,3361,1141,322,5734,57340,fixture-synthetic-v1
2026-08-12T00:00:00Z,2026-08-03T00:00:00Z,2026-08-10T00:00:00Z,CROW,soloShowdown,SkullCreek,low,2665,1023,292,5734,57340,fixture-synthetic-v1
2026-08-12T00:00:00Z,2026-08-03T00:00:00Z,2026-08-10T00:00:00Z,ELPRIMO,soloShowdown,SkullCreek,low,3164,1101,308,5734,57340,fixture-synthetic-v1
2026-08-12T00:00:00Z,2026-08-03T00:00:00Z,2026-08-10T00:00:00Z,PIPER,soloShowdown,SkullCreek,low,2683,982,250,5734,57340,fixture-synthetic-v1
2026-08-12T00:00:00Z,2026-08-03T00:00:00Z,2026-08-10T00:00:00Z,SPIKE,soloShowdown,SkullCreek,mid,5039,1900,489,8370,83700,fixture-synthetic-v1
2026-08-12T00:00:00Z,2026-08-03T00:00:00Z,2026-08-10T00:00:00Z,CROW,soloShowdown,SkullCreek,mid,3628,1436,378,8370,83700,fixture-synthetic-v1
2026-08-12T00:00:00Z,2026-08-03T00:00:00Z,2026-08-10T00:00:00Z,ELPRIMO,soloShowdown,SkullCreek,mid,4693,1602,457,8370,83700,fixture-synthetic-v1
2026-08-12T00:00:00Z,2026-08-03T00:00:00Z,2026-08-10T00:00:00Z,PIPER,soloShowdown,SkullCreek,mid,3723,1380,371,8370,83700,fixture-synthetic-v1
2026-08-12T00:00:00Z,2026-08-03T00:00:00Z,2026-08-10T00:00:00Z,SPIKE,soloShowdown,SkullCreek,high,837,325,76,1412,14120,fixture-synthetic-v1
2026-08-12T00:00:00Z,2026-08-03T00:00:00Z,2026-08-10T00:00:00Z,CROW,soloShowdown,SkullCreek,high,677,276,69,1412,14120,fixture-synthetic-v1
2026-08-12T00:00:00Z,2026-08-03T00:00:00Z,2026-08-10T00:00:00Z,ELPRIMO,soloShowdown,SkullCreek,high,799,263,79,1412,14120,fixture-synthetic-v1
2026-08-12T00:00:00Z,2026-08-03T00:00:00Z,2026-08-10T00:00:00Z,PIPER,soloShowdown,SkullCreek,high,595,228,58,1412,14120,fixture-synthetic-v1
2026-08-12T00:00:00Z,2026-08-03T00:00:00Z,2026-08-10T00:00:00Z,SPIKE,soloShowdown,FeastOrFamine,low,3355,1112,326,5153,51530,fixture-synthetic-v1
2026-08-12T00:00:00Z,2026-08-03T00:00:00Z,2026-08-10T00:00:00Z,CROW,soloShowdown,FeastOrFamine,low,2336,878,250,5153,51530,fixture-synthetic-v1
2026-08-12T00:00:00Z,2026-08-03T00:00:00Z,2026-08-10T00:00:00Z,ELPRIMO,soloShowdown,FeastOrFamine,low,2786,957,280,5153,51530,fixture-synthetic-v1
2026-08-12T00:00:00Z,2026-08-03T00:00:00Z,2026-08-10T00:00:00Z,PIPER,soloShowdown,FeastOrFamine,low,2130,753,195,5153,51530,fixture-synthetic-v1
2026-08-12T00:00:00Z,2026-08-03T00:00:00Z,2026-08-10T00:00:00Z,SPIKE,soloShowdown,FeastOrFamine,mid,4865,1762,474,7984,79840,fixture-synthetic-v1
2026-08-12T00:00:00Z,2026-08-03T00:00:00Z,2026-08-10T00:00:00Z,CROW,soloShowdown,FeastOrFamine,mid,3560,1375,337,7984,79840,fixture-synthetic-v1
2026-08-12T00:00:00Z,2026-08-03T00:00:00Z,2026-08-10T00:00:00Z,ELPRIMO,soloShowdown,FeastOrFamine,mid,4197,1349,421,7984,79840,fixture-synthetic-v1
2026-08-12T00:00:00Z,2026-08-03T00:00:00Z,2026-08-10T00:00:00Z,PIPER,soloShowdown,FeastOrFamine,mid,3169,1140,314,7984,79840,fixture-synthetic-v1
2026-08-12T00:00:00Z,2026-08-03T00:00:00Z,2026-08-10T00:00:00Z,SPIKE,soloShowdown,FeastOrFamine,high,845,315,93,1494,14940,fixture-synthetic-v1
2026-08-12T00:00:00Z,2026-08-03T00:00:00Z,2026-08-10T00:00:00Z,CROW,soloShowdown,FeastOrFamine,high,692,277,71,1494,14940,fixture-synthetic-v1
2026-08-12T00:00:00Z,2026-08-03T00:00:00Z,2026-08-10T00:00:00Z,ELPRIMO,soloShowdown,FeastOrFamine,high,723,220,68,1494,14940,fixture-synthetic-v1
2026-08-12T00:00:00Z,2026-08-03T00:00:00Z,2026-08-10T00:00:00Z,PIPER,soloShowdown,FeastOrFamine,high,678,245,82,1494,14940,fixture-synthetic-v1
2026-08-12T00:00:00Z,2026-08-03T00:00:00Z,2026-08-10T00:00:00Z,SPIKE,soloShowdown,RockwallBrawl,low,3702,1285,398,5975,59750,fixture-synthetic-v1
2026-08-12T00:00:00Z,2026-08-03T00:00:00Z,2026-08-10T00:00:00Z,CROW,soloShowdown,RockwallBrawl,low,2989,1177,272,5975,59750,fixture-synthetic-v1
2026-08-12T00:00:00Z,2026-08-03T00:00:00Z,2026-08-10T00:00:00Z,ELPRIMO,soloShowdown,RockwallBrawl,low,3319,1200,314,5975,59750,fixture-synthetic-v1
2026-08-12T00:00:00Z,2026-08-03T00:00:00Z,2026-08-10T00:00:00Z,PIPER,soloShowdown,RockwallBrawl,low,2833,1011,287,5975,59750,fixture-synthetic-v1
2026-08-12T00:00:00Z,2026-08-03T00:00:00Z,2026-08-10T00:00:00Z,SPIKE,soloShowdown,RockwallBrawl,mid,5134,1919,489,8520,85200,fixture-synthetic-v1
2026-08-12T00:00:00Z,2026-08-03T00:00:00Z,2026-08-10T00:00:00Z,CROW,soloShowdown,RockwallBrawl,mid,4419,1737,451,8520,85200,fixture-synthetic-v1
2026-08-12T00:00:00Z,2026-08-03T00:00:00Z,2026-08-10T00:00:00Z,ELPRIMO,soloShowdown,RockwallBrawl,mid,4899,1682,550,8520,85200,fixture-synthetic-v1
2026-08-12T00:00:00Z,2026-08-03T00:00:00Z,2026-08-10T00:00:00Z,PIPER,soloShowdown,RockwallBrawl,mid,3908,1405,401,8520,85200,fixture-synthetic-v1
2026-08-12T00:00:00Z,2026-08-03T00:00:00Z,2026-08-10T00:00:00Z,SPIKE,soloShowdown,RockwallBrawl,high,37,13,1,68,680,fixture-synthetic-v1
2026-08-12T00:00:00Z,2026-08-03T00:00:00Z,2026-08-10T00:00:00Z,CROW,soloShowdown,RockwallBrawl,high,31,9,4,68,680,fixture-synthetic-v1
2026-08-12T00:00:00Z,2026-08-03T00:00:00Z,2026-08-10T00:00:00Z,ELPRIMO,soloShowdown,RockwallBrawl,high,34,11,8,68,680,fixture-synthetic-v1
2026-08-12T00:00:00Z,2026-08-03T00:00:00Z,2026-08-10T00:00:00Z,PIPER,soloShowdown,RockwallBrawl,high,27,16,2,68,680,fixture-synthetic-v1
2026-08-12T00:00:00Z,2026-08-03T00:00:00Z,2026-08-10T00:00:00Z,SPIKE,gemGrab,NewRotationMap,mid,5943,3272,188,15893,95358,fixture-synthetic-v1
2026-08-12T00:00:00Z,2026-08-03T00:00:00Z,2026-08-10T00:00:00Z,CROW,gemGrab,NewRotationMap,mid,4770,2335,174,15893,95358,fixture-synthetic-v1
2026-08-12T00:00:00Z,2026-08-03T00:00:00Z,2026-08-10T00:00:00Z,ELPRIMO,gemGrab,NewRotationMap,mid,5490,2662,203,15893,95358,fixture-synthetic-v1
2026-08-12T00:00:00Z,2026-08-03T00:00:00Z,2026-08-10T00:00:00Z,PIPER,gemGrab,NewRotationMap,mid,3934,1959,139,15893,95358,fixture-synthetic-v1
2026-08-19T00:00:00Z,2026-08-10T00:00:00Z,2026-08-17T00:00:00Z,SPIKE,brawlBall,BackyardBowl,low,2246,1080,117,5966,35796,fixture-synthetic-v1
2026-08-19T00:00:00Z,2026-08-10T00:00:00Z,2026-08-17T00:00:00Z,CROW,brawlBall,BackyardBowl,low,1738,740,83,5966,35796,fixture-synthetic-v1
2026-08-19T00:00:00Z,2026-08-10T00:00:00Z,2026-08-17T00:00:00Z,ELPRIMO,brawlBall,BackyardBowl,low,2189,1154,96,5966,35796,fixture-synthetic-v1
2026-08-19T00:00:00Z,2026-08-10T00:00:00Z,2026-08-17T00:00:00Z,PIPER,brawlBall,BackyardBowl,low,1630,753,76,5966,35796,fixture-synthetic-v1
2026-08-19T00:00:00Z,2026-08-10T00:00:00Z,2026-08-17T00:00:00Z,SPIKE,brawlBall,BackyardBowl,mid,2979,1511,144,7698,46188,fixture-synthetic-v1
2026-08-19T00:00:00Z,2026-08-10T00:00:00Z,2026-08-17T00:00:00Z,CROW,brawlBall,BackyardBowl,mid,2074,933,92,7698,46188,fixture-synthetic-v1
2026-08-19T00:00:00Z,2026-08-10T00:00:00Z,2026-08-17T00:00:00Z,ELPRIMO,brawlBall,BackyardBowl,mid,2633,1382,119,7698,46188,fixture-synthetic-v1
2026-08-19T00:00:00Z,2026-08-10T00:00:00Z,2026-08-17T00:00:00Z,PIPER,brawlBall,BackyardBowl,mid,2009,974,94,7698,46188,fixture-synthetic-v1
2026-08-19T00:00:00Z,2026-08-10T00:00:00Z,2026-08-17T00:00:00Z,SPIKE,brawlBall,BackyardBowl,high,588,316,22,1506,9036,fixture-synthetic-v1
2026-08-19T00:00:00Z,2026-08-10T00:00:00Z,2026-08-17T00:00:00Z,CROW,brawlBall,BackyardBowl,high,449,204,21,1506,9036,fixture-synthetic-v1
2026-08-19T00:00:00Z,2026-08-10T00:00:00Z,2026-08-17T00:00:00Z,ELPRIMO,brawlBall,BackyardBowl,high,540,271,30,1506,9036,fixture-synthetic-v1
2026-08-19T00:00:00Z,2026-08-10T00:00:00Z,2026-08-17T00:00:00Z,PIPER,brawlBall,BackyardBowl,high,375,180,8,1506,9036,fixture-synthetic-v1
2026-08-19T00:00:00Z,2026-08-10T00:00:00Z,2026-08-17T00:00:00Z,SPIKE,brawlBall,PinholePunt,low,1562,798,67,4394,26364,fixture-synthetic-v1
2026-08-19T00:00:00Z,2026-08-10T00:00:00Z,2026-08-17T00:00:00Z,CROW,brawlBall,PinholePunt,low,1207,545,46,4394,26364,fixture-synthetic-v1
2026-08-19T00:00:00Z,2026-08-10T00:00:00Z,2026-08-17T00:00:00Z,ELPRIMO,brawlBall,PinholePunt,low,1543,877,64,4394,26364,fixture-synthetic-v1
2026-08-19T00:00:00Z,2026-08-10T00:00:00Z,2026-08-17T00:00:00Z,PIPER,brawlBall,PinholePunt,low,1107,550,45,4394,26364,fixture-synthetic-v1
2026-08-19T00:00:00Z,2026-08-10T00:00:00Z,2026-08-17T00:00:00Z,SPIKE,brawlBall,PinholePunt,mid,3127,1628,141,7917,47502,fixture-synthetic-v1
2026-08-19T00:00:00Z,2026-08-10T00:00:00Z,2026-08-17T00:00:00Z,CROW,brawlBall,PinholePunt,mid,2078,992,97,7917,47502,fixture-synthetic-v1
2026-08-19T00:00:00Z,2026-08-10T00:00:00Z,2026-08-17T00:00:00Z,ELPRIMO,brawlBall,PinholePunt,mid,2409,1322,103,7917,47502,fixture-synthetic-v1
2026-08-19T00:00:00Z,2026-08-10T00:00:00Z,2026-08-17T00:00:00Z,PIPER,brawlBall,PinholePunt,mid,2252,1120,101,7917,47502,fixture-synthetic-v1
2026-08-19T00:00:00Z,2026-08-10T00:00:00Z,2026-08-17T00:00:00Z,SPIKE,brawlBall,PinholePunt,high,485,279,15,1397,8382,fixture-synthetic-v1
2026-08-19T00:00:00Z,2026-08-10T00:00:00Z,2026-08-17T00:00:00Z,CROW,brawlBall,PinholePunt,high,357,187,15,1397,8382,fixture-synthetic-v1
2026-08-19T00:00:00Z,2026-08-10T00:00:00Z,2026-08-17T00:00:00Z,ELPRIMO,brawlBall,PinholePunt,high,498,278,19,1397,8382,fixture-synthetic-v1
2026-08-19T00:00:00Z,2026-08-10T00:00:00Z,2026-08-17T00:00:00Z,PIPER,brawlBall,PinholePunt,high,379,189,13,1397,8382,fixture-synthetic-v1
2026-08-19T00:00:00Z,2026-08-10T00:00:00Z,2026-08-17T00:00:00Z,SPIKE,brawlBall,SneakySneak,low,2173,1023,100,5664,33984,fixture-synthetic-v1
2026-08-19T00:00:00Z,2026-08-10T00:00:00Z,2026-08-17T00:00:00Z,CROW,brawlBall,SneakySneak,low,1457,654,52,5664,33984,fixture-synthetic-v1
2026-08-19T00:00:00Z,2026-08-10T00:00:00Z,2026-08-17T00:00:00Z,ELPRIMO,brawlBall,SneakySneak,low,2029,1067,82,5664,33984,fixture-synthetic-v1
2026-08-19T00:00:00Z,2026-08-10T00:00:00Z,2026-08-17T00:00:00Z,PIPER,brawlBall,SneakySneak,low,1350,633,65,5664,33984,fixture-synthetic-v1
2026-08-19T00:00:00Z,2026-08-10T00:00:00Z,2026-08-17T00:00:00Z,SPIKE,brawlBall,SneakySneak,mid,2926,1470,124,8283,49698,fixture-synthetic-v1
2026-08-19T00:00:00Z,2026-08-10T00:00:00Z,2026-08-17T00:00:00Z,CROW,brawlBall,SneakySneak,mid,2413,1100,118,8283,49698,fixture-synthetic-v1
2026-08-19T00:00:00Z,2026-08-10T00:00:00Z,2026-08-17T00:00:00Z,ELPRIMO,brawlBall,SneakySneak,mid,2419,1252,99,8283,49698,fixture-synthetic-v1
2026-08-19T00:00:00Z,2026-08-10T00:00:00Z,2026-08-17T00:00:00Z,PIPER,brawlBall,SneakySneak,mid,1971,924,109,8283,49698,fixture-synthetic-v1
2026-08-19T00:00:00Z,2026-08-10T00:00:00Z,2026-08-17T00:00:00Z,SPIKE,brawlBall,SneakySneak,high,485,229,27,1187,7122,fixture-synthetic-v1
2026-08-19T00:00:00Z,2026-08-10T00:00:00Z,2026-08-17T00:00:00Z,CROW,brawlBall,SneakySneak,high,339,163,13,1187,7122,fixture-synthetic-v1
2026-08-19T00:00:00Z,2026-08-10T00:00:00Z,2026-08-17T00:00:00Z,ELPRIMO,brawlBall,SneakySneak,high,389,204,17,1187,7122,fixture-synthetic-v1
2026-08-19T00:00:00Z,2026-08-10T00:00:00Z,2026-08-17T00:00:00Z,PIPER,brawlBall,SneakySneak,high,328,152,26,1187,7122,fixture-synthetic-v1
2026-08-19T00:00:00Z,2026-08-10T00:00:00Z,2026-08-17T00:00:00Z,SPIKE,gemGrab,HardRockMine,low,1622,869,53,4570,27420,fixture-synthetic-v1
2026-08-19T00:00:00Z,2026-08-10T00:00:00Z,2026-08-17T00:00:00Z,CROW,gemGrab,HardRockMine,low,1177,574,41,4570,27420,fixture-synthetic-v1
2026-08-19T00:00:00Z,2026-08-10T00:00:00Z,2026-08-17T00:00:00Z,ELPRIMO,gemGrab,HardRockMine,low,1514,733,52,4570,27420,fixture-synthetic-v1
2026-08-19T00:00:00Z,2026-08-10T00:00:00Z,2026-08-17T00:00:00Z,PIPER,gemGrab,HardRockMine,low,1265,652,55,4570,27420,fixture-synthetic-v1
2026-08-19T00:00:00Z,2026-08-10T00:00:00Z,2026-08-17T00:00:00Z,SPIKE,gemGrab,HardRockMine,mid,3076,1678,115,8770,52620,fixture-synthetic-v1
2026-08-19T00:00:00Z,2026-08-10T00:00:00Z,2026-08-17T00:00:00Z,CROW,gemGrab,HardRockMine,mid,2662,1347,109,8770,52620,fixture-synthetic-v1
2026-08-19T00:00:00Z,2026-08-10T00:00:00Z,2026-08-17T00:00:00Z,ELPRIMO,gemGrab,HardRockMine,mid,3014,1472,103,8770,52620,fixture-synthetic-v1
2026-08-19T00:00:00Z,2026-08-10T00:00:00Z,2026-08-17T00:00:00Z,PIPER,gemGrab,HardRockMine,mid,1996,1009,87,8770,52620,fixture-synthetic-v1
2026-08-19T00:00:00Z,2026-08-10T00:00:00Z,2026-08-17T00:00:00Z,SPIKE,gemGrab,HardRockMine,high,568,338,20,1405,8430,fixture-synthetic-v1
2026-08-19T00:00:00Z,2026-08-10T00:00:00Z,2026-08-17T00:00:00Z,CROW,gemGrab,HardRockMine,high,362,188,12,1405,8430,fixture-synthetic-v1
2026-08-19T00:00:00Z,2026-08-10T00:00:00Z,2026-08-17T00:00:00Z,ELPRIMO,gemGrab,HardRockMine,high,456,209,16,1405,8430,fixture-synthetic-v1
2026-08-19T00:00:00Z,2026-08-10T00:00:00Z,2026-08-17T00:00:00Z,PIPER,gemGrab,HardRockMine,high,321,173,11,1405,8430,fixture-synthetic-v1
2026-08-19T00:00:00Z,2026-08-10T00:00:00Z,2026-08-17T00:00:00Z,SPIKE,gemGrab,DoubleSwoosh,low,1878,987,69,5732,34392,fixture-synthetic-v1
2026-08-19T00:00:00Z,2026-08-10T00:00:00Z,2026-08-17T00:00:00Z,CROW,gemGrab,DoubleSwoosh,low,1525,705,73,5732,34392,fixture-synthetic-v1
2026-08-19T00:00:00Z,2026-08-10T00:00:00Z,2026-08-17T00:00:00Z,ELPRIMO,gemGrab,DoubleSwoosh,low,2069,1033,71,5732,34392,fixture-synthetic-v1
2026-08-19T00:00:00Z,2026-08-10T00:00:00Z,2026-08-17T00:00:00Z,PIPER,gemGrab,DoubleSwoosh,low,1347,649,49,5732,34392,fixture-synthetic-v1
2026-08-19T00:00:00Z,2026-08-10T00:00:00Z,2026-08-17T00:00:00Z,SPIKE,gemGrab,DoubleSwoosh,mid,4108,2201,146,10161,60966,fixture-synthetic-v1
2026-08-19T00:00:00Z,2026-08-10T00:00:00Z,2026-08-17T00:00:00Z,CROW,gemGrab,DoubleSwoosh,mid,3134,1514,128,10161,60966,fixture-synthetic-v1
2026-08-19T00:00:00Z,2026-08-10T00:00:00Z,2026-08-17T00:00:00Z,ELPRIMO,gemGrab,DoubleSwoosh,mid,3279,1535,122,10161,60966,fixture-synthetic-v1
2026-08-19T00:00:00Z,2026-08-10T00:00:00Z,2026-08-17T00:00:00Z,PIPER,gemGrab,DoubleSwoosh,mid,2308,1141,102,10161,60966,fixture-synthetic-v1
2026-08-19T00:00:00Z,2026-08-10T00:00:00Z,2026-08-17T00:00:00Z,SPIKE,gemGrab,DoubleSwoosh,high,481,273,21,1430,8580,fixture-synthetic-v1
2026-08-19T00:00:00Z,2026-08-10T00:00:00Z,2026-08-17T00:00:00Z,CROW,gemGrab,DoubleSwoosh,high,394,189,14,1430,8580,fixture-synthetic-v1
2026-08-19T00:00:00Z,2026-08-10T00:00:00Z,2026-08-17T00:00:00Z,ELPRIMO,gemGrab,DoubleSwoosh,high,510,235,13,1430,8580,fixture-synthetic-v1
2026-08-19T00:00:00Z,2026-08-10T00:00:00Z,2026-08-17T00:00:00Z,PIPER,gemGrab,DoubleSwoosh,high,329,164,10,1430,8580,fixture-synthetic-v1
2026-08-19T00:00:00Z,2026-08-10T00:00:00Z,2026-08-17T00:00:00Z,SPIKE,gemGrab,UndermineGG,low,2467,1295,68,6090,36540,fixture-synthetic-v1
2026-08-19T00:00:00Z,2026-08-10T00:00:00Z,2026-08-17T00:00:00Z,CROW,gemGrab,UndermineGG,low,1819,864,66,6090,36540,fixture-synthetic-v1
2026-08-19T00:00:00Z,2026-08-10T00:00:00Z,2026-08-17T00:00:00Z,ELPRIMO,gemGrab,UndermineGG,low,2084,1047,80,6090,36540,fixture-synthetic-v1
2026-08-19T00:00:00Z,2026-08-10T00:00:00Z,2026-08-17T00:00:00Z,PIPER,gemGrab,UndermineGG,low,1685,833,46,6090,36540,fixture-synthetic-v1
2026-08-19T00:00:00Z,2026-08-10T00:00:00Z,2026-08-17T00:00:00Z,SPIKE,gemGrab,UndermineGG,mid,3132,1686,121,8170,49020,fixture-synthetic-v1
2026-08-19T00:00:00Z,2026-08-10T00:00:00Z,2026-08-17T00:00:00Z,CROW,gemGrab,UndermineGG,mid,2453,1222,71,8170,49020,fixture-synthetic-v1
2026-08-19T00:00:00Z,2026-08-10T00:00:00Z,2026-08-17T00:00:00Z,ELPRIMO,gemGrab,UndermineGG,mid,2782,1303,104,8170,49020,fixture-synthetic-v1
2026-08-19T00:00:00Z,2026-08-10T00:00:00Z,2026-08-17T00:00:00Z,PIPER,gemGrab,UndermineGG,mid,2264,1147,80,8170,49020,fixture-synthetic-v1
2026-08-19T00:00:00Z,2026-08-10T00:00:00Z,2026-08-17T00:00:00Z,SPIKE,gemGrab,UndermineGG,high,542,318,23,1512,9072,fixture-synthetic-v1
2026-08-19T00:00:00Z,2026-08-10T00:00:00Z,2026-08-17T00:00:00Z,CROW,gemGrab,UndermineGG,high,418,215,12,1512,9072,fixture-synthetic-v1
2026-08-19T00:00:00Z,2026-08-10T00:00:00Z,2026-08-17T00:00:00Z,ELPRIMO,gemGrab,UndermineGG,high,532,260,16,1512,9072,fixture-synthetic-v1
2026-08-19T00:00:00Z,2026-08-10T00:00:00Z,2026-08-17T00:00:00Z,PIPER,gemGrab,UndermineGG,high,349,187,10,1512,9072,fixture-synthetic-v1
2026-08-19T00:00:00Z,2026-08-10T00:00:00Z,2026-08-17T00:00:00Z,SPIKE,soloShowdown,SkullCreek,low,3249,1150,308,5206,52060,fixture-synthetic-v1
2026-08-19T00:00:00Z,2026-08-10T00:00:00Z,2026-08-17T00:00:00Z,CROW,soloShowdown,SkullCreek,low,2559,960,287,5206,52060,fixture-synthetic-v1
2026-08-19T00:00:00Z,2026-08-10T00:00:00Z,2026-08-17T00:00:00Z,ELPRIMO,soloShowdown,SkullCreek,low,3085,1148,298,5206,52060,fixture-synthetic-v1
2026-08-19T00:00:00Z,2026-08-10T00:00:00Z,2026-08-17T00:00:00Z,PIPER,soloShowdown,SkullCreek,low,2022,733,217,5206,52060,fixture-synthetic-v1
2026-08-19T00:00:00Z,2026-08-10T00:00:00Z,2026-08-17T00:00:00Z,SPIKE,soloShowdown,SkullCreek,mid,5937,2259,613,9747,97470,fixture-synthetic-v1
2026-08-19T00:00:00Z,2026-08-10T00:00:00Z,2026-08-17T00:00:00Z,CROW,soloShowdown,SkullCreek,mid,4292,1703,424,9747,97470,fixture-synthetic-v1
2026-08-19T00:00:00Z,2026-08-10T00:00:00Z,2026-08-17T00:00:00Z,ELPRIMO,soloShowdown,SkullCreek,mid,5904,2070,619,9747,97470,fixture-synthetic-v1
2026-08-19T00:00:00Z,2026-08-10T00:00:00Z,2026-08-17T00:00:00Z,PIPER,soloShowdown,SkullCreek,mid,3821,1410,418,9747,97470,fixture-synthetic-v1
2026-08-19T00:00:00Z,2026-08-10T00:00:00Z,2026-08-17T00:00:00Z,SPIKE,soloShowdown,SkullCreek,high,925,375,96,1358,13580,fixture-synthetic-v1
2026-08-19T00:00:00Z,2026-08-10T00:00:00Z,2026-08-17T00:00:00Z,CROW,soloShowdown,SkullCreek,high,580,234,57,1358,13580,fixture-synthetic-v1
2026-08-19T00:00:00Z,2026-08-10T00:00:00Z,2026-08-17T00:00:00Z,ELPRIMO,soloShowdown,SkullCreek,high,816,268,81,1358,13580,fixture-synthetic-v1
2026-08-19T00:00:00Z,2026-08-10T00:00:00Z,2026-08-17T00:00:00Z,PIPER,soloShowdown,SkullCreek,high,613,230,67,1358,13580,fixture-synthetic-v1
2026-08-19T00:00:00Z,2026-08-10T00:00:00Z,2026-08-17T00:00:00Z,SPIKE,soloShowdown,FeastOrFamine,low,3390,1122,328,5874,58740,fixture-synthetic-v1
2026-08-19T00:00:00Z,2026-08-10T00:00:00Z,2026-08-17T00:00:00Z,CROW,soloShowdown,FeastOrFamine,low,2538,953,264,5874,58740,fixture-synthetic-v1
2026-08-19T00:00:00Z,2026-08-10T00:00:00Z,2026-08-17T00:00:00Z,ELPRIMO,soloShowdown,FeastOrFamine,low,3185,1080,306,5874,58740,fixture-synthetic-v1
2026-08-19T00:00:00Z,2026-08-10T00:00:00Z,2026-08-17T00:00:00Z,PIPER,soloShowdown,FeastOrFamine,low,2294,830,211,5874,58740,fixture-synthetic-v1
2026-08-19T00:00:00Z,2026-08-10T00:00:00Z,2026-08-17T00:00:00Z,SPIKE,soloShowdown,FeastOrFamine,mid,5197,1876,502,9481,94810,fixture-synthetic-v1
2026-08-19T00:00:00Z,2026-08-10T00:00:00Z,2026-08-17T00:00:00Z,CROW,soloShowdown,FeastOrFamine,mid,4161,1597,422,9481,94810,fixture-synthetic-v1
2026-08-19T00:00:00Z,2026-08-10T00:00:00Z,2026-08-17T00:00:00Z,ELPRIMO,soloShowdown,FeastOrFamine,mid,5356,1744,574,9481,94810,fixture-synthetic-v1
2026-08-19T00:00:00Z,2026-08-10T00:00:00Z,2026-08-17T00:00:00Z,PIPER,soloShowdown,FeastOrFamine,mid,4081,1413,413,9481,94810,fixture-synthetic-v1
2026-08-19T00:00:00Z,2026-08-10T00:00:00Z,2026-08-17T00:00:00Z,SPIKE,soloShowdown,FeastOrFamine,high,971,405,88,1457,14570,fixture-synthetic-v1
2026-08-19T00:00:00Z,2026-08-10T00:00:00Z,2026-08-17T00:00:00Z,CROW,soloShowdown,FeastOrFamine,high,678,271,67,1457,14570,fixture-synthetic-v1
2026-08-19T00:00:00Z,2026-08-10T00:00:00Z,2026-08-17T00:00:00Z,ELPRIMO,soloShowdown,FeastOrFamine,high,786,217,68,1457,14570,fixture-synthetic-v1
2026-08-19T00:00:00Z,2026-08-10T00:00:00Z,2026-08-17T00:00:00Z,PIPER,soloShowdown,FeastOrFamine,high,617,205,64,1457,14570,fixture-synthetic-v1
2026-08-19T00:00:00Z,2026-08-10T00:00:00Z,2026-08-17T00:00:00Z,SPIKE,soloShowdown,RockwallBrawl,low,2802,963,271,5155,51550,fixture-synthetic-v1
2026-08-19T00:00:00Z,2026-08-10T00:00:00Z,2026-08-17T00:00:00Z,CROW,soloShowdown,RockwallBrawl,low,2677,1016,289,5155,51550,fixture-synthetic-v1
2026-08-19T00:00:00Z,2026-08-10T00:00:00Z,2026-08-17T00:00:00Z,ELPRIMO,soloShowdown,RockwallBrawl,low,2813,1031,276,5155,51550,fixture-synthetic-v1
2026-08-19T00:00:00Z,2026-08-10T00:00:00Z,2026-08-17T00:00:00Z,PIPER,soloShowdown,RockwallBrawl,low,2138,742,208,5155,51550,fixture-synthetic-v1
2026-08-19T00:00:00Z,2026-08-10T00:00:00Z,2026-08-17T00:00:00Z,SPIKE,soloShowdown,RockwallBrawl,mid,5419,2095,538,8636,86360,fixture-synthetic-v1
2026-08-19T00:00:00Z,2026-08-10T00:00:00Z,2026-08-17T00:00:00Z,CROW,soloShowdown,RockwallBrawl,mid,3992,1602,393,8636,86360,fixture-synthetic-v1
2026-08-19T00:00:00Z,2026-08-10T00:00:00Z,2026-08-17T00:00:00Z,ELPRIMO,soloShowdown,RockwallBrawl,mid,5016,1705,490,8636,86360,fixture-synthetic-v1
2026-08-19T00:00:00Z,2026-08-10T00:00:00Z,2026-08-17T00:00:00Z,PIPER,soloShowdown,RockwallBrawl,mid,3429,1235,343,8636,86360,fixture-synthetic-v1
2026-08-19T00:00:00Z,2026-08-10T00:00:00Z,2026-08-17T00:00:00Z,SPIKE,soloShowdown,RockwallBrawl,high,31,15,3,50,500,fixture-synthetic-v1
2026-08-19T00:00:00Z,2026-08-10T00:00:00Z,2026-08-17T00:00:00Z,CROW,soloShowdown,RockwallBrawl,high,22,10,3,50,500,fixture-synthetic-v1
2026-08-19T00:00:00Z,2026-08-10T00:00:00Z,2026-08-17T00:00:00Z,ELPRIMO,soloShowdown,RockwallBrawl,high,29,10,5,50,500,fixture-synthetic-v1
2026-08-19T00:00:00Z,2026-08-10T00:00:00Z,2026-08-17T00:00:00Z,PIPER,soloShowdown,RockwallBrawl,high,20,10,0,50,500,fixture-synthetic-v1
2026-08-19T00:00:00Z,2026-08-10T00:00:00Z,2026-08-17T00:00:00Z,SPIKE,gemGrab,NewRotationMap,mid,6136,3323,219,16962,101772,fixture-synthetic-v1
2026-08-19T00:00:00Z,2026-08-10T00:00:00Z,2026-08-17T00:00:00Z,CROW,gemGrab,NewRotationMap,mid,5317,2607,211,16962,101772,fixture-synthetic-v1
2026-08-19T00:00:00Z,2026-08-10T00:00:00Z,2026-08-17T00:00:00Z,ELPRIMO,gemGrab,NewRotationMap,mid,6223,2938,234,16962,101772,fixture-synthetic-v1
2026-08-19T00:00:00Z,2026-08-10T00:00:00Z,2026-08-17T00:00:00Z,PIPER,gemGrab,NewRotationMap,mid,3934,1967,154,16962,101772,fixture-synthetic-v1
2026-08-26T00:00:00Z,2026-08-17T00:00:00Z,2026-08-24T00:00:00Z,SPIKE,brawlBall,BackyardBowl,low,2007,932,93,5540,33240,fixture-synthetic-v1
2026-08-26T00:00:00Z,2026-08-17T00:00:00Z,2026-08-24T00:00:00Z,CROW,brawlBall,BackyardBowl,low,1715,765,68,5540,33240,fixture-synthetic-v1
2026-08-26T00:00:00Z,2026-08-17T00:00:00Z,2026-08-24T00:00:00Z,ELPRIMO,brawlBall,BackyardBowl,low,1747,934,76,5540,33240,fixture-synthetic-v1
2026-08-26T00:00:00Z,2026-08-17T00:00:00Z,2026-08-24T00:00:00Z,PIPER,brawlBall,BackyardBowl,low,1371,639,75,5540,33240,fixture-synthetic-v1
2026-08-26T00:00:00Z,2026-08-17T00:00:00Z,2026-08-24T00:00:00Z,SPIKE,brawlBall,BackyardBowl,mid,3199,1593,137,7941,47646,fixture-synthetic-v1
2026-08-26T00:00:00Z,2026-08-17T00:00:00Z,2026-08-24T00:00:00Z,CROW,brawlBall,BackyardBowl,mid,2384,1093,105,7941,47646,fixture-synthetic-v1
2026-08-26T00:00:00Z,2026-08-17T00:00:00Z,2026-08-24T00:00:00Z,ELPRIMO,brawlBall,BackyardBowl,mid,2605,1371,121,7941,47646,fixture-synthetic-v1
2026-08-26T00:00:00Z,2026-08-17T00:00:00Z,2026-08-24T00:00:00Z,PIPER,brawlBall,BackyardBowl,mid,2224,1049,98,7941,47646,fixture-synthetic-v1
2026-08-26T00:00:00Z,2026-08-17T00:00:00Z,2026-08-24T00:00:00Z,SPIKE,brawlBall,BackyardBowl,high,479,254,18,1182,7092,fixture-synthetic-v1
2026-08-26T00:00:00Z,2026-08-17T00:00:00Z,2026-08-24T00:00:00Z,CROW,brawlBall,BackyardBowl,high,369,196,17,1182,7092,fixture-synthetic-v1
2026-08-26T00:00:00Z,2026-08-17T00:00:00Z,2026-08-24T00:00:00Z,ELPRIMO,brawlBall,BackyardBowl,high,364,190,7,1182,7092,fixture-synthetic-v1
2026-08-26T00:00:00Z,2026-08-17T00:00:00Z,2026-08-24T00:00:00Z,PIPER,brawlBall,BackyardBowl,high,280,130,13,1182,7092,fixture-synthetic-v1
2026-08-26T00:00:00Z,2026-08-17T00:00:00Z,2026-08-24T00:00:00Z,SPIKE,brawlBall,PinholePunt,low,2042,1029,98,5483,32898,fixture-synthetic-v1
2026-08-26T00:00:00Z,2026-08-17T00:00:00Z,2026-08-24T00:00:00Z,CROW,brawlBall,PinholePunt,low,1642,737,72,5483,32898,fixture-synthetic-v1
2026-08-26T00:00:00Z,2026-08-17T00:00:00Z,2026-08-24T00:00:00Z,ELPRIMO,brawlBall,PinholePunt,low,1790,997,92,5483,32898,fixture-synthetic-v1
2026-08-26T00:00:00Z,2026-08-17T00:00:00Z,2026-08-24T00:00:00Z,PIPER,brawlBall,PinholePunt,low,1295,630,50,5483,32898,fixture-synthetic-v1
2026-08-26T00:00:00Z,2026-08-17T00:00:00Z,2026-08-24T00:00:00Z,SPIKE,brawlBall,PinholePunt,mid,4205,2241,160,10333,61998,fixture-synthetic-v1
2026-08-26T00:00:00Z,2026-08-17T00:00:00Z,2026-08-24T00:00:00Z,CROW,brawlBall,PinholePunt,mid,3075,1465,125,10333,61998,fixture-synthetic-v1
2026-08-26T00:00:00Z,2026-08-17T00:00:00Z,2026-08-24T00:00:00Z,ELPRIMO,brawlBall,PinholePunt,mid,3588,1921,150,10333,61998,fixture-synthetic-v1
2026-08-26T00:00:00Z,2026-08-17T00:00:00Z,2026-08-24T00:00:00Z,PIPER,brawlBall,PinholePunt,mid,2852,1429,127,10333,61998,fixture-synthetic-v1
2026-08-26T00:00:00Z,2026-08-17T00:00:00Z,2026-08-24T00:00:00Z,SPIKE,brawlBall,PinholePunt,high,438,235,21,1219,7314,fixture-synthetic-v1
2026-08-26T00:00:00Z,2026-08-17T00:00:00Z,2026-08-24T00:00:00Z,CROW,brawlBall,PinholePunt,high,344,176,10,1219,7314,fixture-synthetic-v1
2026-08-26T00:00:00Z,2026-08-17T00:00:00Z,2026-08-24T00:00:00Z,ELPRIMO,brawlBall,PinholePunt,high,421,222,17,1219,7314,fixture-synthetic-v1
2026-08-26T00:00:00Z,2026-08-17T00:00:00Z,2026-08-24T00:00:00Z,PIPER,brawlBall,PinholePunt,high,345,163,14,1219,7314,fixture-synthetic-v1
2026-08-26T00:00:00Z,2026-08-17T00:00:00Z,2026-08-24T00:00:00Z,SPIKE,brawlBall,SneakySneak,low,1849,859,84,5403,32418,fixture-synthetic-v1
2026-08-26T00:00:00Z,2026-08-17T00:00:00Z,2026-08-24T00:00:00Z,CROW,brawlBall,SneakySneak,low,1687,774,73,5403,32418,fixture-synthetic-v1
2026-08-26T00:00:00Z,2026-08-17T00:00:00Z,2026-08-24T00:00:00Z,ELPRIMO,brawlBall,SneakySneak,low,1939,1055,73,5403,32418,fixture-synthetic-v1
2026-08-26T00:00:00Z,2026-08-17T00:00:00Z,2026-08-24T00:00:00Z,PIPER,brawlBall,SneakySneak,low,1363,629,60,5403,32418,fixture-synthetic-v1
2026-08-26T00:00:00Z,2026-08-17T00:00:00Z,2026-08-24T00:00:00Z,SPIKE,brawlBall,SneakySneak,mid,3235,1630,159,8644,51864,fixture-synthetic-v1
2026-08-26T00:00:00Z,2026-08-17T00:00:00Z,2026-08-24T00:00:00Z,CROW,brawlBall,SneakySneak,mid,2220,1047,103,8644,51864,fixture-synthetic-v1
2026-08-26T00:00:00Z,2026-08-17T00:00:00Z,2026-08-24T00:00:00Z,ELPRIMO,brawlBall,SneakySneak,mid,3189,1670,131,8644,51864,fixture-synthetic-v1
2026-08-26T00:00:00Z,2026-08-17T00:00:00Z,2026-08-24T00:00:00Z,PIPER,brawlBall,SneakySneak,mid,2368,1096,97,8644,51864,fixture-synthetic-v1
2026-08-26T00:00:00Z,2026-08-17T00:00:00Z,2026-08-24T00:00:00Z,SPIKE,brawlBall,SneakySneak,high,485,253,19,1249,7494,fixture-synthetic-v1
2026-08-26T00:00:00Z,2026-08-17T00:00:00Z,2026-08-24T00:00:00Z,CROW,brawlBall,SneakySneak,high,401,197,11,1249,7494,fixture-synthetic-v1
2026-08-26T00:00:00Z,2026-08-17T00:00:00Z,2026-08-24T00:00:00Z,ELPRIMO,brawlBall,SneakySneak,high,443,212,19,1249,7494,fixture-synthetic-v1
2026-08-26T00:00:00Z,2026-08-17T00:00:00Z,2026-08-24T00:00:00Z,PIPER,brawlBall,SneakySneak,high,285,139,11,1249,7494,fixture-synthetic-v1
2026-08-26T00:00:00Z,2026-08-17T00:00:00Z,2026-08-24T00:00:00Z,SPIKE,gemGrab,HardRockMine,low,1799,928,55,4416,26496,fixture-synthetic-v1
2026-08-26T00:00:00Z,2026-08-17T00:00:00Z,2026-08-24T00:00:00Z,CROW,gemGrab,HardRockMine,low,1318,651,55,4416,26496,fixture-synthetic-v1
2026-08-26T00:00:00Z,2026-08-17T00:00:00Z,2026-08-24T00:00:00Z,ELPRIMO,gemGrab,HardRockMine,low,1412,712,45,4416,26496,fixture-synthetic-v1
2026-08-26T00:00:00Z,2026-08-17T00:00:00Z,2026-08-24T00:00:00Z,PIPER,gemGrab,HardRockMine,low,1184,609,39,4416,26496,fixture-synthetic-v1
2026-08-26T00:00:00Z,2026-08-17T00:00:00Z,2026-08-24T00:00:00Z,SPIKE,gemGrab,HardRockMine,mid,2795,1576,99,8291,49746,fixture-synthetic-v1
2026-08-26T00:00:00Z,2026-08-17T00:00:00Z,2026-08-24T00:00:00Z,CROW,gemGrab,HardRockMine,mid,2612,1344,92,8291,49746,fixture-synthetic-v1
2026-08-26T00:00:00Z,2026-08-17T00:00:00Z,2026-08-24T00:00:00Z,ELPRIMO,gemGrab,HardRockMine,mid,2662,1279,88,8291,49746,fixture-synthetic-v1
2026-08-26T00:00:00Z,2026-08-17T00:00:00Z,2026-08-24T00:00:00Z,PIPER,gemGrab,HardRockMine,mid,1916,983,69,8291,49746,fixture-synthetic-v1
2026-08-26T00:00:00Z,2026-08-17T00:00:00Z,2026-08-24T00:00:00Z,SPIKE,gemGrab,HardRockMine,high,584,320,23,1542,9252,fixture-synthetic-v1
2026-08-26T00:00:00Z,2026-08-17T00:00:00Z,2026-08-24T00:00:00Z,CROW,gemGrab,HardRockMine,high,426,213,16,1542,9252,fixture-synthetic-v1
2026-08-26T00:00:00Z,2026-08-17T00:00:00Z,2026-08-24T00:00:00Z,ELPRIMO,gemGrab,HardRockMine,high,538,273,17,1542,9252,fixture-synthetic-v1
2026-08-26T00:00:00Z,2026-08-17T00:00:00Z,2026-08-24T00:00:00Z,PIPER,gemGrab,HardRockMine,high,400,219,8,1542,9252,fixture-synthetic-v1
2026-08-26T00:00:00Z,2026-08-17T00:00:00Z,2026-08-24T00:00:00Z,SPIKE,gemGrab,DoubleSwoosh,low,1761,924,62,4510,27060,fixture-synthetic-v1
2026-08-26T00:00:00Z,2026-08-17T00:00:00Z,2026-08-24T00:00:00Z,CROW,gemGrab,DoubleSwoosh,low,1352,652,46,4510,27060,fixture-synthetic-v1
2026-08-26T00:00:00Z,2026-08-17T00:00:00Z,2026-08-24T00:00:00Z,ELPRIMO,gemGrab,DoubleSwoosh,low,1406,663,46,4510,27060,fixture-synthetic-v1
2026-08-26T00:00:00Z,2026-08-17T00:00:00Z,2026-08-24T00:00:00Z,PIPER,gemGrab,DoubleSwoosh,low,1271,635,44,4510,27060,fixture-synthetic-v1
2026-08-26T00:00:00Z,2026-08-17T00:00:00Z,2026-08-24T00:00:00Z,SPIKE,gemGrab,DoubleSwoosh,mid,3196,1726,133,8725,52350,fixture-synthetic-v1
2026-08-26T00:00:00Z,2026-08-17T00:00:00Z,2026-08-24T00:00:00Z,CROW,gemGrab,DoubleSwoosh,mid,2728,1304,91,8725,52350,fixture-synthetic-v1
2026-08-26T00:00:00Z,2026-08-17T00:00:00Z,2026-08-24T00:00:00Z,ELPRIMO,gemGrab,DoubleSwoosh,mid,2695,1282,90,8725,52350,fixture-synthetic-v1
2026-08-26T00:00:00Z,2026-08-17T00:00:00Z,2026-08-24T00:00:00Z,PIPER,gemGrab,DoubleSwoosh,mid,2155,1051,90,8725,52350,fixture-synthetic-v1
2026-08-26T00:00:00Z,2026-08-17T00:00:00Z,2026-08-24T00:00:00Z,SPIKE,gemGrab,DoubleSwoosh,high,552,312,16,1553,9318,fixture-synthetic-v1
2026-08-26T00:00:00Z,2026-08-17T00:00:00Z,2026-08-24T00:00:00Z,CROW,gemGrab,DoubleSwoosh,high,476,255,12,1553,9318,fixture-synthetic-v1
2026-08-26T00:00:00Z,2026-08-17T00:00:00Z,2026-08-24T00:00:00Z,ELPRIMO,gemGrab,DoubleSwoosh,high,476,213,19,1553,9318,fixture-synthetic-v1
2026-08-26T00:00:00Z,2026-08-17T00:00:00Z,2026-08-24T00:00:00Z,PIPER,gemGrab,DoubleSwoosh,high,414,223,15,1553,9318,fixture-synthetic-v1
2026-08-26T00:00:00Z,2026-08-17T00:00:00Z,2026-08-24T00:00:00Z,SPIKE,gemGrab,UndermineGG,low,1991,1059,77,5735,34410,fixture-synthetic-v1
2026-08-26T00:00:00Z,2026-08-17T00:00:00Z,2026-08-24T00:00:00Z,CROW,gemGrab,UndermineGG,low,1589,778,49,5735,34410,fixture-synthetic-v1
2026-08-26T00:00:00Z,2026-08-17T00:00:00Z,2026-08-24T00:00:00Z,ELPRIMO,gemGrab,UndermineGG,low,1812,916,61,5735,34410,fixture-synthetic-v1
2026-08-26T00:00:00Z,2026-08-17T00:00:00Z,2026-08-24T00:00:00Z,PIPER,gemGrab,UndermineGG,low,1395,689,55,5735,34410,fixture-synthetic-v1
2026-08-26T00:00:00Z,2026-08-17T00:00:00Z,2026-08-24T00:00:00Z,SPIKE,gemGrab,UndermineGG,mid,3239,1793,95,8310,49860,fixture-synthetic-v1
2026-08-26T00:00:00Z,2026-08-17T00:00:00Z,2026-08-24T00:00:00Z,CROW,gemGrab,UndermineGG,mid,2637,1308,100,8310,49860,fixture-synthetic-v1
2026-08-26T00:00:00Z,2026-08-17T00:00:00Z,2026-08-24T00:00:00Z,ELPRIMO,gemGrab,UndermineGG,mid,2579,1207,75,8310,49860,fixture-synthetic-v1
2026-08-26T00:00:00Z,2026-08-17T00:00:00Z,2026-08-24T00:00:00Z,PIPER,gemGrab,UndermineGG,mid,2311,1191,81,8310,49860,fixture-synthetic-v1
2026-08-26T00:00:00Z,2026-08-17T00:00:00Z,2026-08-24T00:00:00Z,SPIKE,gemGrab,UndermineGG,high,433,243,15,1305,7830,fixture-synthetic-v1
2026-08-26T00:00:00Z,2026-08-17T00:00:00Z,2026-08-24T00:00:00Z,CROW,gemGrab,UndermineGG,high,380,207,14,1305,7830,fixture-synthetic-v1
2026-08-26T00:00:00Z,2026-08-17T00:00:00Z,2026-08-24T00:00:00Z,ELPRIMO,gemGrab,UndermineGG,high,393,172,16,1305,7830,fixture-synthetic-v1
2026-08-26T00:00:00Z,2026-08-17T00:00:00Z,2026-08-24T00:00:00Z,PIPER,gemGrab,UndermineGG,high,357,174,8,1305,7830,fixture-synthetic-v1
2026-08-26T00:00:00Z,2026-08-17T00:00:00Z,2026-08-24T00:00:00Z,SPIKE,soloShowdown,SkullCreek,low,3379,1214,336,5913,59130,fixture-synthetic-v1
2026-08-26T00:00:00Z,2026-08-17T00:00:00Z,2026-08-24T00:00:00Z,CROW,soloShowdown,SkullCreek,low,2497,1000,248,5913,59130,fixture-synthetic-v1
2026-08-26T00:00:00Z,2026-08-17T00:00:00Z,2026-08-24T00:00:00Z,ELPRIMO,soloShowdown,SkullCreek,low,2988,1065,315,5913,59130,fixture-synthetic-v1
2026-08-26T00:00:00Z,2026-08-17T00:00:00Z,2026-08-24T00:00:00Z,PIPER,soloShowdown,SkullCreek,low,2604,976,262,5913,59130,fixture-synthetic-v1
2026-08-26T00:00:00Z,2026-08-17T00:00:00Z,2026-08-24T00:00:00Z,SPIKE,soloShowdown,SkullCreek,mid,5244,2006,505,8057,80570,fixture-synthetic-v1
2026-08-26T00:00:00Z,2026-08-17T00:00:00Z,2026-08-24T00:00:00Z,CROW,soloShowdown,SkullCreek,mid,3722,1492,379,8057,80570,fixture-synthetic-v1
2026-08-26T00:00:00Z,2026-08-17T00:00:00Z,2026-08-24T00:00:00Z,ELPRIMO,soloShowdown,SkullCreek,mid,4595,1601,464,8057,80570,fixture-synthetic-v1
2026-08-26T00:00:00Z,2026-08-17T00:00:00Z,2026-08-24T00:00:00Z,PIPER,soloShowdown,SkullCreek,mid,3575,1305,360,8057,80570,fixture-synthetic-v1
2026-08-26T00:00:00Z,2026-08-17T00:00:00Z,2026-08-24T00:00:00Z,SPIKE,soloShowdown,SkullCreek,high,831,334,83,1534,15340,fixture-synthetic-v1
2026-08-26T00:00:00Z,2026-08-17T00:00:00Z,2026-08-24T00:00:00Z,CROW,soloShowdown,SkullCreek,high,799,324,73,1534,15340,fixture-synthetic-v1
2026-08-26T00:00:00Z,2026-08-17T00:00:00Z,2026-08-24T00:00:00Z,ELPRIMO,soloShowdown,SkullCreek,high,774,261,95,1534,15340,fixture-synthetic-v1
2026-08-26T00:00:00Z,2026-08-17T00:00:00Z,2026-08-24T00:00:00Z,PIPER,soloShowdown,SkullCreek,high,612,216,61,1534,15340,fixture-synthetic-v1
2026-08-26T00:00:00Z,2026-08-17T00:00:00Z,2026-08-24T00:00:00Z,SPIKE,soloShowdown,FeastOrFamine,low,2967,997,303,4645,46450,fixture-synthetic-v1
2026-08-26T00:00:00Z,2026-08-17T00:00:00Z,2026-08-24T00:00:00Z,CROW,soloShowdown,FeastOrFamine,low,2316,876,217,4645,46450,fixture-synthetic-v1
2026-08-26T00:00:00Z,2026-08-17T00:00:00Z,2026-08-24T00:00:00Z,ELPRIMO,soloShowdown,FeastOrFamine,low,2252,754,217,4645,46450,fixture-synthetic-v1
2026-08-26T00:00:00Z,2026-08-17T00:00:00Z,2026-08-24T00:00:00Z,PIPER,soloShowdown,FeastOrFamine,low,1971,659,192,4645,46450,fixture-synthetic-v1
2026-08-26T00:00:00Z,2026-08-17T00:00:00Z,2026-08-24T00:00:00Z,SPIKE,soloShowdown,FeastOrFamine,mid,5977,2174,607,10321,103210,fixture-synthetic-v1
2026-08-26T00:00:00Z,2026-08-17T00:00:00Z,2026-08-24T00:00:00Z,CROW,soloShowdown,FeastOrFamine,mid,5367,2060,529,10321,103210,fixture-synthetic-v1
2026-08-26T00:00:00Z,2026-08-17T00:00:00Z,2026-08-24T00:00:00Z,ELPRIMO,soloShowdown,FeastOrFamine,mid,5057,1703,518,10321,103210,fixture-synthetic-v1
2026-08-26T00:00:00Z,2026-08-17T00:00:00Z,2026-08-24T00:00:00Z,PIPER,soloShowdown,FeastOrFamine,mid,4810,1690,486,10321,103210,fixture-synthetic-v1
2026-08-26T00:00:00Z,2026-08-17T00:00:00Z,2026-08-24T00:00:00Z,SPIKE,soloShowdown,FeastOrFamine,high,837,317,90,1239,12390,fixture-synthetic-v1
2026-08-26T00:00:00Z,2026-08-17T00:00:00Z,2026-08-24T00:00:00Z,CROW,soloShowdown,FeastOrFamine,high,551,203,60,1239,12390,fixture-synthetic-v1
2026-08-26T00:00:00Z,2026-08-17T00:00:00Z,2026-08-24T00:00:00Z,ELPRIMO,soloShowdown,FeastOrFamine,high,678,217,83,1239,12390,fixture-synthetic-v1
2026-08-26T00:00:00Z,2026-08-17T00:00:00Z,2026-08-24T00:00:00Z,PIPER,soloShowdown,FeastOrFamine,high,566,214,58,1239,12390,fixture-synthetic-v1
2026-08-26T00:00:00Z,2026-08-17T00:00:00Z,2026-08-24T00:00:00Z,SPIKE,soloShowdown,RockwallBrawl,low,3693,1333,370,6032,60320,fixture-synthetic-v1
2026-08-26T00:00:00Z,2026-08-17T00:00:00Z,2026-08-24T00:00:00Z,CROW,soloShowdown,RockwallBrawl,low,2784,1069,269,6032,60320,fixture-synthetic-v1
2026-08-26T00:00:00Z,2026-08-17T00:00:00Z,2026-08-24T00:00:00Z,ELPRIMO,soloShowdown,RockwallBrawl,low,2955,1029,275,6032,60320,fixture-synthetic-v1
2026-08-26T00:00:00Z,2026-08-17T00:00:00Z,2026-08-24T00:00:00Z,PIPER,soloShowdown,RockwallBrawl,low,2675,975,303,6032,60320,fixture-synthetic-v1
2026-08-26T00:00:00Z,2026-08-17T00:00:00Z,2026-08-24T00:00:00Z,SPIKE,soloShowdown,RockwallBrawl,mid,6812,2529,689,10122,101220,fixture-synthetic-v1
2026-08-26T00:00:00Z,2026-08-17T00:00:00Z,2026-08-24T00:00:00Z,CROW,soloShowdown,RockwallBrawl,mid,5111,2069,515,10122,101220,fixture-synthetic-v1
2026-08-26T00:00:00Z,2026-08-17T00:00:00Z,2026-08-24T00:00:00Z,ELPRIMO,soloShowdown,RockwallBrawl,mid,5620,1913,574,10122,101220,fixture-synthetic-v1
2026-08-26T00:00:00Z,2026-08-17T00:00:00Z,2026-08-24T00:00:00Z,PIPER,soloShowdown,RockwallBrawl,mid,4500,1722,442,10122,101220,fixture-synthetic-v1
2026-08-26T00:00:00Z,2026-08-17T00:00:00Z,2026-08-24T00:00:00Z,SPIKE,soloShowdown,RockwallBrawl,high,24,10,3,39,390,fixture-synthetic-v1
2026-08-26T00:00:00Z,2026-08-17T00:00:00Z,2026-08-24T00:00:00Z,CROW,soloShowdown,RockwallBrawl,high,17,6,4,39,390,fixture-synthetic-v1
2026-08-26T00:00:00Z,2026-08-17T00:00:00Z,2026-08-24T00:00:00Z,ELPRIMO,soloShowdown,RockwallBrawl,high,21,5,2,39,390,fixture-synthetic-v1
2026-08-26T00:00:00Z,2026-08-17T00:00:00Z,2026-08-24T00:00:00Z,PIPER,soloShowdown,RockwallBrawl,high,16,8,2,39,390,fixture-synthetic-v1
2026-08-26T00:00:00Z,2026-08-17T00:00:00Z,2026-08-24T00:00:00Z,SPIKE,gemGrab,NewRotationMap,mid,6885,3637,254,17704,106224,fixture-synthetic-v1
2026-08-26T00:00:00Z,2026-08-17T00:00:00Z,2026-08-24T00:00:00Z,CROW,gemGrab,NewRotationMap,mid,4584,2266,164,17704,106224,fixture-synthetic-v1
2026-08-26T00:00:00Z,2026-08-17T00:00:00Z,2026-08-24T00:00:00Z,ELPRIMO,gemGrab,NewRotationMap,mid,5182,2471,193,17704,106224,fixture-synthetic-v1
2026-08-26T00:00:00Z,2026-08-17T00:00:00Z,2026-08-24T00:00:00Z,PIPER,gemGrab,NewRotationMap,mid,4042,2065,149,17704,106224,fixture-synthetic-v1
2026-09-02T00:00:00Z,2026-08-24T00:00:00Z,2026-08-31T00:00:00Z,SPIKE,brawlBall,BackyardBowl,low,1981,987,85,5608,33648,fixture-synthetic-v1
2026-09-02T00:00:00Z,2026-08-24T00:00:00Z,2026-08-31T00:00:00Z,CROW,brawlBall,BackyardBowl,low,1654,716,75,5608,33648,fixture-synthetic-v1
2026-09-02T00:00:00Z,2026-08-24T00:00:00Z,2026-08-31T00:00:00Z,ELPRIMO,brawlBall,BackyardBowl,low,1894,1079,74,5608,33648,fixture-synthetic-v1
2026-09-02T00:00:00Z,2026-08-24T00:00:00Z,2026-08-31T00:00:00Z,PIPER,brawlBall,BackyardBowl,low,1295,628,66,5608,33648,fixture-synthetic-v1
2026-09-02T00:00:00Z,2026-08-24T00:00:00Z,2026-08-31T00:00:00Z,SPIKE,brawlBall,BackyardBowl,mid,2994,1473,139,8434,50604,fixture-synthetic-v1
2026-09-02T00:00:00Z,2026-08-24T00:00:00Z,2026-08-31T00:00:00Z,CROW,brawlBall,BackyardBowl,mid,2489,1173,116,8434,50604,fixture-synthetic-v1
2026-09-02T00:00:00Z,2026-08-24T00:00:00Z,2026-08-31T00:00:00Z,ELPRIMO,brawlBall,BackyardBowl,mid,2553,1324,119,8434,50604,fixture-synthetic-v1
2026-09-02T00:00:00Z,2026-08-24T00:00:00Z,2026-08-31T00:00:00Z,PIPER,brawlBall,BackyardBowl,mid,2054,960,85,8434,50604,fixture-synthetic-v1
2026-09-02T00:00:00Z,2026-08-24T00:00:00Z,2026-08-31T00:00:00Z,SPIKE,brawlBall,BackyardBowl,high,490,231,21,1472,8832,fixture-synthetic-v1
2026-09-02T00:00:00Z,2026-08-24T00:00:00Z,2026-08-31T00:00:00Z,CROW,brawlBall,BackyardBowl,high,380,178,16,1472,8832,fixture-synthetic-v1
2026-09-02T00:00:00Z,2026-08-24T00:00:00Z,2026-08-31T00:00:00Z,ELPRIMO,brawlBall,BackyardBowl,high,451,221,30,1472,8832,fixture-synthetic-v1
2026-09-02T00:00:00Z,2026-08-24T00:00:00Z,2026-08-31T00:00:00Z,PIPER,brawlBall,BackyardBowl,high,397,197,23,1472,8832,fixture-synthetic-v1
2026-09-02T00:00:00Z,2026-08-24T00:00:00Z,2026-08-31T00:00:00Z,SPIKE,brawlBall,PinholePunt,low,1709,888,79,4530,27180,fixture-synthetic-v1
2026-09-02T00:00:00Z,2026-08-24T00:00:00Z,2026-08-31T00:00:00Z,CROW,brawlBall,PinholePunt,low,1429,693,58,4530,27180,fixture-synthetic-v1
2026-09-02T00:00:00Z,2026-08-24T00:00:00Z,2026-08-31T00:00:00Z,ELPRIMO,brawlBall,PinholePunt,low,1456,829,70,4530,27180,fixture-synthetic-v1
2026-09-02T00:00:00Z,2026-08-24T00:00:00Z,2026-08-31T00:00:00Z,PIPER,brawlBall,PinholePunt,low,1096,543,40,4530,27180,fixture-synthetic-v1
2026-09-02T00:00:00Z,2026-08-24T00:00:00Z,2026-08-31T00:00:00Z,SPIKE,brawlBall,PinholePunt,mid,3915,2056,172,9569,57414,fixture-synthetic-v1
2026-09-02T00:00:00Z,2026-08-24T00:00:00Z,2026-08-31T00:00:00Z,CROW,brawlBall,PinholePunt,mid,2687,1332,116,9569,57414,fixture-synthetic-v1
2026-09-02T00:00:00Z,2026-08-24T00:00:00Z,2026-08-31T00:00:00Z,ELPRIMO,brawlBall,PinholePunt,mid,3355,1822,143,9569,57414,fixture-synthetic-v1
2026-09-02T00:00:00Z,2026-08-24T00:00:00Z,2026-08-31T00:00:00Z,PIPER,brawlBall,PinholePunt,mid,2569,1260,124,9569,57414,fixture-synthetic-v1
2026-09-02T00:00:00Z,2026-08-24T00:00:00Z,2026-08-31T00:00:00Z,SPIKE,brawlBall,PinholePunt,high,454,225,27,1180,7080,fixture-synthetic-v1
2026-09-02T00:00:00Z,2026-08-24T00:00:00Z,2026-08-31T00:00:00Z,CROW,brawlBall,PinholePunt,high,310,153,9,1180,7080,fixture-synthetic-v1
2026-09-02T00:00:00Z,2026-08-24T00:00:00Z,2026-08-31T00:00:00Z,ELPRIMO,brawlBall,PinholePunt,high,383,197,14,1180,7080,fixture-synthetic-v1
2026-09-02T00:00:00Z,2026-08-24T00:00:00Z,2026-08-31T00:00:00Z,PIPER,brawlBall,PinholePunt,high,290,136,15,1180,7080,fixture-synthetic-v1
2026-09-02T00:00:00Z,2026-08-24T00:00:00Z,2026-08-31T00:00:00Z,SPIKE,brawlBall,SneakySneak,low,1701,780,93,4538,27228,fixture-synthetic-v1
2026-09-02T00:00:00Z,2026-08-24T00:00:00Z,2026-08-31T00:00:00Z,CROW,brawlBall,SneakySneak,low,1311,581,74,4538,27228,fixture-synthetic-v1
2026-09-02T00:00:00Z,2026-08-24T00:00:00Z,2026-08-31T00:00:00Z,ELPRIMO,brawlBall,SneakySneak,low,1336,707,55,4538,27228,fixture-synthetic-v1
2026-09-02T00:00:00Z,2026-08-24T00:00:00Z,2026-08-31T00:00:00Z,PIPER,brawlBall,SneakySneak,low,1272,597,69,4538,27228,fixture-synthetic-v1
2026-09-02T00:00:00Z,2026-08-24T00:00:00Z,2026-08-31T00:00:00Z,SPIKE,brawlBall,SneakySneak,mid,3143,1587,119,8677,52062,fixture-synthetic-v1
2026-09-02T00:00:00Z,2026-08-24T00:00:00Z,2026-08-31T00:00:00Z,CROW,brawlBall,SneakySneak,mid,2633,1237,110,8677,52062,fixture-synthetic-v1
2026-09-02T00:00:00Z,2026-08-24T00:00:00Z,2026-08-31T00:00:00Z,ELPRIMO,brawlBall,SneakySneak,mid,2738,1443,117,8677,52062,fixture-synthetic-v1
2026-09-02T00:00:00Z,2026-08-24T00:00:00Z,2026-08-31T00:00:00Z,PIPER,brawlBall,SneakySneak,mid,2301,1065,83,8677,52062,fixture-synthetic-v1
2026-09-02T00:00:00Z,2026-08-24T00:00:00Z,2026-08-31T00:00:00Z,SPIKE,brawlBall,SneakySneak,high,551,285,24,1505,9030,fixture-synthetic-v1
2026-09-02T00:00:00Z,2026-08-24T00:00:00Z,2026-08-31T00:00:00Z,CROW,brawlBall,SneakySneak,high,421,199,18,1505,9030,fixture-synthetic-v1
2026-09-02T00:00:00Z,2026-08-24T00:00:00Z,2026-08-31T00:00:00Z,ELPRIMO,brawlBall,SneakySneak,high,512,264,23,1505,9030,fixture-synthetic-v1
2026-09-02T00:00:00Z,2026-08-24T00:00:00Z,2026-08-31T00:00:00Z,PIPER,brawlBall,SneakySneak,high,390,185,16,1505,9030,fixture-synthetic-v1
2026-09-02T00:00:00Z,2026-08-24T00:00:00Z,2026-08-31T00:00:00Z,SPIKE,gemGrab,HardRockMine,low,2195,1190,79,5878,35268,fixture-synthetic-v1
2026-09-02T00:00:00Z,2026-08-24T00:00:00Z,2026-08-31T00:00:00Z,CROW,gemGrab,HardRockMine,low,1522,781,58,5878,35268,fixture-synthetic-v1
2026-09-02T00:00:00Z,2026-08-24T00:00:00Z,2026-08-31T00:00:00Z,ELPRIMO,gemGrab,HardRockMine,low,2149,1081,69,5878,35268,fixture-synthetic-v1
2026-09-02T00:00:00Z,2026-08-24T00:00:00Z,2026-08-31T00:00:00Z,PIPER,gemGrab,HardRockMine,low,1437,712,51,5878,35268,fixture-synthetic-v1
2026-09-02T00:00:00Z,2026-08-24T00:00:00Z,2026-08-31T00:00:00Z,SPIKE,gemGrab,HardRockMine,mid,3150,1779,99,9338,56028,fixture-synthetic-v1
2026-09-02T00:00:00Z,2026-08-24T00:00:00Z,2026-08-31T00:00:00Z,CROW,gemGrab,HardRockMine,mid,2885,1505,95,9338,56028,fixture-synthetic-v1
2026-09-02T00:00:00Z,2026-08-24T00:00:00Z,2026-08-31T00:00:00Z,ELPRIMO,gemGrab,HardRockMine,mid,2942,1414,100,9338,56028,fixture-synthetic-v1
2026-09-02T00:00:00Z,2026-08-24T00:00:00Z,2026-08-31T00:00:00Z,PIPER,gemGrab,HardRockMine,mid,2400,1215,80,9338,56028,fixture-synthetic-v1
2026-09-02T00:00:00Z,2026-08-24T00:00:00Z,2026-08-31T00:00:00Z,SPIKE,gemGrab,HardRockMine,high,583,353,17,1438,8628,fixture-synthetic-v1
2026-09-02T00:00:00Z,2026-08-24T00:00:00Z,2026-08-31T00:00:00Z,CROW,gemGrab,HardRockMine,high,433,237,19,1438,8628,fixture-synthetic-v1
2026-09-02T00:00:00Z,2026-08-24T00:00:00Z,2026-08-31T00:00:00Z,ELPRIMO,gemGrab,HardRockMine,high,467,216,13,1438,8628,fixture-synthetic-v1
2026-09-02T00:00:00Z,2026-08-24T00:00:00Z,2026-08-31T00:00:00Z,PIPER,gemGrab,HardRockMine,high,349,179,10,1438,8628,fixture-synthetic-v1
2026-09-02T00:00:00Z,2026-08-24T00:00:00Z,2026-08-31T00:00:00Z,SPIKE,gemGrab,DoubleSwoosh,low,1956,1031,62,5404,32424,fixture-synthetic-v1
2026-09-02T00:00:00Z,2026-08-24T00:00:00Z,2026-08-31T00:00:00Z,CROW,gemGrab,DoubleSwoosh,low,1492,715,54,5404,32424,fixture-synthetic-v1
2026-09-02T00:00:00Z,2026-08-24T00:00:00Z,2026-08-31T00:00:00Z,ELPRIMO,gemGrab,DoubleSwoosh,low,1985,965,60,5404,32424,fixture-synthetic-v1
2026-09-02T00:00:00Z,2026-08-24T00:00:00Z,2026-08-31T00:00:00Z,PIPER,gemGrab,DoubleSwoosh,low,1397,678,55,5404,32424,fixture-synthetic-v1
2026-09-02T00:00:00Z,2026-08-24T00:00:00Z,2026-08-31T00:00:00Z,SPIKE,gemGrab,DoubleSwoosh,mid,3983,2130,137,10313,61878,fixture-synthetic-v1
2026-09-02T00:00:00Z,2026-08-24T00:00:00Z,2026-08-31T00:00:00Z,CROW,gemGrab,DoubleSwoosh,mid,2922,1440,93,10313,61878,fixture-synthetic-v1
2026-09-02T00:00:00Z,2026-08-24T00:00:00Z,2026-08-31T00:00:00Z,ELPRIMO,gemGrab,DoubleSwoosh,mid,3383,1586,108,10313,61878,fixture-synthetic-v1
2026-09-02T00:00:00Z,2026-08-24T00:00:00Z,2026-08-31T00:00:00Z,PIPER,gemGrab,DoubleSwoosh,mid,2459,1217,88,10313,61878,fixture-synthetic-v1
2026-09-02T00:00:00Z,2026-08-24T00:00:00Z,2026-08-31T00:00:00Z,SPIKE,gemGrab,DoubleSwoosh,high,524,280,27,1509,9054,fixture-synthetic-v1
2026-09-02T00:00:00Z,2026-08-24T00:00:00Z,2026-08-31T00:00:00Z,CROW,gemGrab,DoubleSwoosh,high,456,232,13,1509,9054,fixture-synthetic-v1
2026-09-02T00:00:00Z,2026-08-24T00:00:00Z,2026-08-31T00:00:00Z,ELPRIMO,gemGrab,DoubleSwoosh,high,552,277,24,1509,9054,fixture-synthetic-v1
2026-09-02T00:00:00Z,2026-08-24T00:00:00Z,2026-08-31T00:00:00Z,PIPER,gemGrab,DoubleSwoosh,high,358,182,9,1509,9054,fixture-synthetic-v1
2026-09-02T00:00:00Z,2026-08-24T00:00:00Z,2026-08-31T00:00:00Z,SPIKE,gemGrab,UndermineGG,low,1662,895,61,4345,26070,fixture-synthetic-v1
2026-09-02T00:00:00Z,2026-08-24T00:00:00Z,2026-08-31T00:00:00Z,CROW,gemGrab,UndermineGG,low,1226,585,37,4345,26070,fixture-synthetic-v1
2026-09-02T00:00:00Z,2026-08-24T00:00:00Z,2026-08-31T00:00:00Z,ELPRIMO,gemGrab,UndermineGG,low,1380,700,45,4345,26070,fixture-synthetic-v1
2026-09-02T00:00:00Z,2026-08-24T00:00:00Z,2026-08-31T00:00:00Z,PIPER,gemGrab,UndermineGG,low,1094,552,38,4345,26070,fixture-synthetic-v1
2026-09-02T00:00:00Z,2026-08-24T00:00:00Z,2026-08-31T00:00:00Z,SPIKE,gemGrab,UndermineGG,mid,3590,1941,130,10235,61410,fixture-synthetic-v1
2026-09-02T00:00:00Z,2026-08-24T00:00:00Z,2026-08-31T00:00:00Z,CROW,gemGrab,UndermineGG,mid,2735,1364,99,10235,61410,fixture-synthetic-v1
2026-09-02T00:00:00Z,2026-08-24T00:00:00Z,2026-08-31T00:00:00Z,ELPRIMO,gemGrab,UndermineGG,mid,3292,1618,102,10235,61410,fixture-synthetic-v1
2026-09-02T00:00:00Z,2026-08-24T00:00:00Z,2026-08-31T00:00:00Z,PIPER,gemGrab,UndermineGG,mid,2534,1301,86,10235,61410,fixture-synthetic-v1
2026-09-02T00:00:00Z,2026-08-24T00:00:00Z,2026-08-31T00:00:00Z,SPIKE,gemGrab,UndermineGG,high,473,248,18,1341,8046,fixture-synthetic-v1
2026-09-02T00:00:00Z,2026-08-24T00:00:00Z,2026-08-31T00:00:00Z,CROW,gemGrab,UndermineGG,high,396,208,23,1341,8046,fixture-synthetic-v1
2026-09-02T00:00:00Z,2026-08-24T00:00:00Z,2026-08-31T00:00:00Z,ELPRIMO,gemGrab,UndermineGG,high,447,197,29,1341,8046,fixture-synthetic-v1
2026-09-02T00:00:00Z,2026-08-24T00:00:00Z,2026-08-31T00:00:00Z,PIPER,gemGrab,UndermineGG,high,319,157,13,1341,8046,fixture-synthetic-v1
2026-09-02T00:00:00Z,2026-08-24T00:00:00Z,2026-08-31T00:00:00Z,SPIKE,soloShowdown,SkullCreek,low,3537,1270,341,5508,55080,fixture-synthetic-v1
2026-09-02T00:00:00Z,2026-08-24T00:00:00Z,2026-08-31T00:00:00Z,CROW,soloShowdown,SkullCreek,low,2327,925,234,5508,55080,fixture-synthetic-v1
2026-09-02T00:00:00Z,2026-08-24T00:00:00Z,2026-08-31T00:00:00Z,ELPRIMO,soloShowdown,SkullCreek,low,2736,1006,267,5508,55080,fixture-synthetic-v1
2026-09-02T00:00:00Z,2026-08-24T00:00:00Z,2026-08-31T00:00:00Z,PIPER,soloShowdown,SkullCreek,low,2363,887,237,5508,55080,fixture-synthetic-v1
2026-09-02T00:00:00Z,2026-08-24T00:00:00Z,2026-08-31T00:00:00Z,SPIKE,soloShowdown,SkullCreek,mid,5713,2115,550,10538,105380,fixture-synthetic-v1
2026-09-02T00:00:00Z,2026-08-24T00:00:00Z,2026-08-31T00:00:00Z,CROW,soloShowdown,SkullCreek,mid,4884,1944,517,10538,105380,fixture-synthetic-v1
2026-09-02T00:00:00Z,2026-08-24T00:00:00Z,2026-08-31T00:00:00Z,ELPRIMO,soloShowdown,SkullCreek,mid,5918,1997,616,10538,105380,fixture-synthetic-v1
2026-09-02T00:00:00Z,2026-08-24T00:00:00Z,2026-08-31T00:00:00Z,PIPER,soloShowdown,SkullCreek,mid,4799,1745,473,10538,105380,fixture-synthetic-v1
2026-09-02T00:00:00Z,2026-08-24T00:00:00Z,2026-08-31T00:00:00Z,SPIKE,soloShowdown,SkullCreek,high,804,311,92,1484,14840,fixture-synthetic-v1
2026-09-02T00:00:00Z,2026-08-24T00:00:00Z,2026-08-31T00:00:00Z,CROW,soloShowdown,SkullCreek,high,739,302,80,1484,14840,fixture-synthetic-v1
2026-09-02T00:00:00Z,2026-08-24T00:00:00Z,2026-08-31T00:00:00Z,ELPRIMO,soloShowdown,SkullCreek,high,776,263,89,1484,14840,fixture-synthetic-v1
2026-09-02T00:00:00Z,2026-08-24T00:00:00Z,2026-08-31T00:00:00Z,PIPER,soloShowdown,SkullCreek,high,661,240,68,1484,14840,fixture-synthetic-v1
2026-09-02T00:00:00Z,2026-08-24T00:00:00Z,2026-08-31T00:00:00Z,SPIKE,soloShowdown,FeastOrFamine,low,2901,963,286,5097,50970,fixture-synthetic-v1
2026-09-02T00:00:00Z,2026-08-24T00:00:00Z,2026-08-31T00:00:00Z,CROW,soloShowdown,FeastOrFamine,low,2360,837,257,5097,50970,fixture-synthetic-v1
2026-09-02T00:00:00Z,2026-08-24T00:00:00Z,2026-08-31T00:00:00Z,ELPRIMO,soloShowdown,FeastOrFamine,low,3090,990,301,5097,50970,fixture-synthetic-v1
2026-09-02T00:00:00Z,2026-08-24T00:00:00Z,2026-08-31T00:00:00Z,PIPER,soloShowdown,FeastOrFamine,low,2419,857,225,5097,50970,fixture-synthetic-v1
2026-09-02T00:00:00Z,2026-08-24T00:00:00Z,2026-08-31T00:00:00Z,SPIKE,soloShowdown,FeastOrFamine,mid,5467,1957,565,9967,99670,fixture-synthetic-v1
2026-09-02T00:00:00Z,2026-08-24T00:00:00Z,2026-08-31T00:00:00Z,CROW,soloShowdown,FeastOrFamine,mid,4992,2007,494,9967,99670,fixture-synthetic-v1
2026-09-02T00:00:00Z,2026-08-24T00:00:00Z,2026-08-31T00:00:00Z,ELPRIMO,soloShowdown,FeastOrFamine,mid,5205,1754,513,9967,99670,fixture-synthetic-v1
2026-09-02T00:00:00Z,2026-08-24T00:00:00Z,2026-08-31T00:00:00Z,PIPER,soloShowdown,FeastOrFamine,mid,4614,1619,497,9967,99670,fixture-synthetic-v1
2026-09-02T00:00:00Z,2026-08-24T00:00:00Z,2026-08-31T00:00:00Z,SPIKE,soloShowdown,FeastOrFamine,high,947,349,106,1468,14680,fixture-synthetic-v1
2026-09-02T00:00:00Z,2026-08-24T00:00:00Z,2026-08-31T00:00:00Z,CROW,soloShowdown,FeastOrFamine,high,694,302,79,1468,14680,fixture-synthetic-v1
2026-09-02T00:00:00Z,2026-08-24T00:00:00Z,2026-08-31T00:00:00Z,ELPRIMO,soloShowdown,FeastOrFamine,high,822,261,86,1468,14680,fixture-synthetic-v1
2026-09-02T00:00:00Z,2026-08-24T00:00:00Z,2026-08-31T00:00:00Z,PIPER,soloShowdown,FeastOrFamine,high,685,236,66,1468,14680,fixture-synthetic-v1
2026-09-02T00:00:00Z,2026-08-24T00:00:00Z,2026-08-31T00:00:00Z,SPIKE,soloShowdown,RockwallBrawl,low,3131,1133,317,4907,49070,fixture-synthetic-v1
2026-09-02T00:00:00Z,2026-08-24T00:00:00Z,2026-08-31T00:00:00Z,CROW,soloShowdown,RockwallBrawl,low,2165,825,210,4907,49070,fixture-synthetic-v1
2026-09-02T00:00:00Z,2026-08-24T00:00:00Z,2026-08-31T00:00:00Z,ELPRIMO,soloShowdown,RockwallBrawl,low,2632,904,271,4907,49070,fixture-synthetic-v1
2026-09-02T00:00:00Z,2026-08-24T00:00:00Z,2026-08-31T00:00:00Z,PIPER,soloShowdown,RockwallBrawl,low,2311,820,239,4907,49070,fixture-synthetic-v1
2026-09-02T00:00:00Z,2026-08-24T00:00:00Z,2026-08-31T00:00:00Z,SPIKE,soloShowdown,RockwallBrawl,mid,5300,2003,514,9348,93480,fixture-synthetic-v1
2026-09-02T00:00:00Z,2026-08-24T00:00:00Z,2026-08-31T00:00:00Z,CROW,soloShowdown,RockwallBrawl,mid,5023,2009,499,9348,93480,fixture-synthetic-v1
2026-09-02T00:00:00Z,2026-08-24T00:00:00Z,2026-08-31T00:00:00Z,ELPRIMO,soloShowdown,RockwallBrawl,mid,5022,1697,516,9348,93480,fixture-synthetic-v1
2026-09-02T00:00:00Z,2026-08-24T00:00:00Z,2026-08-31T00:00:00Z,PIPER,soloShowdown,RockwallBrawl,mid,4494,1592,452,9348,93480,fixture-synthetic-v1
2026-09-02T00:00:00Z,2026-08-24T00:00:00Z,2026-08-31T00:00:00Z,SPIKE,soloShowdown,RockwallBrawl,high,31,14,3,58,580,fixture-synthetic-v1
2026-09-02T00:00:00Z,2026-08-24T00:00:00Z,2026-08-31T00:00:00Z,CROW,soloShowdown,RockwallBrawl,high,26,9,1,58,580,fixture-synthetic-v1
2026-09-02T00:00:00Z,2026-08-24T00:00:00Z,2026-08-31T00:00:00Z,ELPRIMO,soloShowdown,RockwallBrawl,high,34,8,2,58,580,fixture-synthetic-v1
2026-09-02T00:00:00Z,2026-08-24T00:00:00Z,2026-08-31T00:00:00Z,PIPER,soloShowdown,RockwallBrawl,high,24,11,4,58,580,fixture-synthetic-v1
2026-09-02T00:00:00Z,2026-08-24T00:00:00Z,2026-08-31T00:00:00Z,SPIKE,gemGrab,NewRotationMap,mid,4789,2643,177,14657,87942,fixture-synthetic-v1
2026-09-02T00:00:00Z,2026-08-24T00:00:00Z,2026-08-31T00:00:00Z,CROW,gemGrab,NewRotationMap,mid,4301,2150,161,14657,87942,fixture-synthetic-v1
2026-09-02T00:00:00Z,2026-08-24T00:00:00Z,2026-08-31T00:00:00Z,ELPRIMO,gemGrab,NewRotationMap,mid,4684,2171,151,14657,87942,fixture-synthetic-v1
2026-09-02T00:00:00Z,2026-08-24T00:00:00Z,2026-08-31T00:00:00Z,PIPER,gemGrab,NewRotationMap,mid,3422,1693,111,14657,87942,fixture-synthetic-v1
2026-09-09T00:00:00Z,2026-08-31T00:00:00Z,2026-09-07T00:00:00Z,SPIKE,brawlBall,BackyardBowl,low,1935,873,96,5441,32646,fixture-synthetic-v1
2026-09-09T00:00:00Z,2026-08-31T00:00:00Z,2026-09-07T00:00:00Z,CROW,brawlBall,BackyardBowl,low,1382,630,50,5441,32646,fixture-synthetic-v1
2026-09-09T00:00:00Z,2026-08-31T00:00:00Z,2026-09-07T00:00:00Z,ELPRIMO,brawlBall,BackyardBowl,low,1905,1052,80,5441,32646,fixture-synthetic-v1
2026-09-09T00:00:00Z,2026-08-31T00:00:00Z,2026-09-07T00:00:00Z,PIPER,brawlBall,BackyardBowl,low,1329,634,50,5441,32646,fixture-synthetic-v1
2026-09-09T00:00:00Z,2026-08-31T00:00:00Z,2026-09-07T00:00:00Z,SPIKE,brawlBall,BackyardBowl,mid,4270,2080,203,10495,62970,fixture-synthetic-v1
2026-09-09T00:00:00Z,2026-08-31T00:00:00Z,2026-09-07T00:00:00Z,CROW,brawlBall,BackyardBowl,mid,3356,1576,142,10495,62970,fixture-synthetic-v1
2026-09-09T00:00:00Z,2026-08-31T00:00:00Z,2026-09-07T00:00:00Z,ELPRIMO,brawlBall,BackyardBowl,mid,3531,1811,176,10495,62970,fixture-synthetic-v1
2026-09-09T00:00:00Z,2026-08-31T00:00:00Z,2026-09-07T00:00:00Z,PIPER,brawlBall,BackyardBowl,mid,2912,1404,121,10495,62970,fixture-synthetic-v1
2026-09-09T00:00:00Z,2026-08-31T00:00:00Z,2026-09-07T00:00:00Z,SPIKE,brawlBall,BackyardBowl,high,497,245,18,1528,9168,fixture-synthetic-v1
2026-09-09T00:00:00Z,2026-08-31T00:00:00Z,2026-09-07T00:00:00Z,CROW,brawlBall,BackyardBowl,high,461,221,28,1528,9168,fixture-synthetic-v1
2026-09-09T00:00:00Z,2026-08-31T00:00:00Z,2026-09-07T00:00:00Z,ELPRIMO,brawlBall,BackyardBowl,high,537,274,23,1528,9168,fixture-synthetic-v1
2026-09-09T00:00:00Z,2026-08-31T00:00:00Z,2026-09-07T00:00:00Z,PIPER,brawlBall,BackyardBowl,high,354,167,17,1528,9168,fixture-synthetic-v1
2026-09-09T00:00:00Z,2026-08-31T00:00:00Z,2026-09-07T00:00:00Z,SPIKE,brawlBall,PinholePunt,low,1465,695,66,4329,25974,fixture-synthetic-v1
2026-09-09T00:00:00Z,2026-08-31T00:00:00Z,2026-09-07T00:00:00Z,CROW,brawlBall,PinholePunt,low,1271,560,57,4329,25974,fixture-synthetic-v1
2026-09-09T00:00:00Z,2026-08-31T00:00:00Z,2026-09-07T00:00:00Z,ELPRIMO,brawlBall,PinholePunt,low,1327,741,56,4329,25974,fixture-synthetic-v1
2026-09-09T00:00:00Z,2026-08-31T00:00:00Z,2026-09-07T00:00:00Z,PIPER,brawlBall,PinholePunt,low,994,478,31,4329,25974,fixture-synthetic-v1
2026-09-09T00:00:00Z,2026-08-31T00:00:00Z,2026-09-07T00:00:00Z,SPIKE,brawlBall,PinholePunt,mid,4137,2072,203,10251,61506,fixture-synthetic-v1
2026-09-09T00:00:00Z,2026-08-31T00:00:00Z,2026-09-07T00:00:00Z,CROW,brawlBall,PinholePunt,mid,2930,1338,137,10251,61506,fixture-synthetic-v1
2026-09-09T00:00:00Z,2026-08-31T00:00:00Z,2026-09-07T00:00:00Z,ELPRIMO,brawlBall,PinholePunt,mid,3439,1859,148,10251,61506,fixture-synthetic-v1
2026-09-09T00:00:00Z,2026-08-31T00:00:00Z,2026-09-07T00:00:00Z,PIPER,brawlBall,PinholePunt,mid,2455,1207,89,10251,61506,fixture-synthetic-v1
2026-09-09T00:00:00Z,2026-08-31T00:00:00Z,2026-09-07T00:00:00Z,SPIKE,brawlBall,PinholePunt,high,490,240,28,1391,8346,fixture-synthetic-v1
2026-09-09T00:00:00Z,2026-08-31T00:00:00Z,2026-09-07T00:00:00Z,CROW,brawlBall,PinholePunt,high,369,168,15,1391,8346,fixture-synthetic-v1
2026-09-09T00:00:00Z,2026-08-31T00:00:00Z,2026-09-07T00:00:00Z,ELPRIMO,brawlBall,PinholePunt,high,495,274,29,1391,8346,fixture-synthetic-v1
2026-09-09T00:00:00Z,2026-08-31T00:00:00Z,2026-09-07T00:00:00Z,PIPER,brawlBall,PinholePunt,high,357,179,14,1391,8346,fixture-synthetic-v1
2026-09-09T00:00:00Z,2026-08-31T00:00:00Z,2026-09-07T00:00:00Z,SPIKE,brawlBall,SneakySneak,low,2217,1038,109,5806,34836,fixture-synthetic-v1
2026-09-09T00:00:00Z,2026-08-31T00:00:00Z,2026-09-07T00:00:00Z,CROW,brawlBall,SneakySneak,low,1726,793,69,5806,34836,fixture-synthetic-v1
2026-09-09T00:00:00Z,2026-08-31T00:00:00Z,2026-09-07T00:00:00Z,ELPRIMO,brawlBall,SneakySneak,low,1884,999,83,5806,34836,fixture-synthetic-v1
2026-09-09T00:00:00Z,2026-08-31T00:00:00Z,2026-09-07T00:00:00Z,PIPER,brawlBall,SneakySneak,low,1353,624,57,5806,34836,fixture-synthetic-v1
2026-09-09T00:00:00Z,2026-08-31T00:00:00Z,2026-09-07T00:00:00Z,SPIKE,brawlBall,SneakySneak,mid,2757,1329,135,7814,46884,fixture-synthetic-v1
2026-09-09T00:00:00Z,2026-08-31T00:00:00Z,2026-09-07T00:00:00Z,CROW,brawlBall,SneakySneak,mid,2140,985,101,7814,46884,fixture-synthetic-v1
2026-09-09T00:00:00Z,2026-08-31T00:00:00Z,2026-09-07T00:00:00Z,ELPRIMO,brawlBall,SneakySneak,mid,2379,1180,119,7814,46884,fixture-synthetic-v1
2026-09-09T00:00:00Z,2026-08-31T00:00:00Z,2026-09-07T00:00:00Z,PIPER,brawlBall,SneakySneak,mid,2065,980,96,7814,46884,fixture-synthetic-v1
2026-09-09T00:00:00Z,2026-08-31T00:00:00Z,2026-09-07T00:00:00Z,SPIKE,brawlBall,SneakySneak,high,458,228,21,1218,7308,fixture-synthetic-v1
2026-09-09T00:00:00Z,2026-08-31T00:00:00Z,2026-09-07T00:00:00Z,CROW,brawlBall,SneakySneak,high,365,154,19,1218,7308,fixture-synthetic-v1
2026-09-09T00:00:00Z,2026-08-31T00:00:00Z,2026-09-07T00:00:00Z,ELPRIMO,brawlBall,SneakySneak,high,423,198,12,1218,7308,fixture-synthetic-v1
2026-09-09T00:00:00Z,2026-08-31T00:00:00Z,2026-09-07T00:00:00Z,PIPER,brawlBall,SneakySneak,high,320,149,17,1218,7308,fixture-synthetic-v1
2026-09-09T00:00:00Z,2026-08-31T00:00:00Z,2026-09-07T00:00:00Z,SPIKE,gemGrab,HardRockMine,low,1657,838,47,4985,29910,fixture-synthetic-v1
2026-09-09T00:00:00Z,2026-08-31T00:00:00Z,2026-09-07T00:00:00Z,CROW,gemGrab,HardRockMine,low,1582,802,53,4985,29910,fixture-synthetic-v1
2026-09-09T00:00:00Z,2026-08-31T00:00:00Z,2026-09-07T00:00:00Z,ELPRIMO,gemGrab,HardRockMine,low,1710,852,60,4985,29910,fixture-synthetic-v1
2026-09-09T00:00:00Z,2026-08-31T00:00:00Z,2026-09-07T00:00:00Z,PIPER,gemGrab,HardRockMine,low,1440,738,52,4985,29910,fixture-synthetic-v1
2026-09-09T00:00:00Z,2026-08-31T00:00:00Z,2026-09-07T00:00:00Z,SPIKE,gemGrab,HardRockMine,mid,3487,1823,148,9242,55452,fixture-synthetic-v1
2026-09-09T00:00:00Z,2026-08-31T00:00:00Z,2026-09-07T00:00:00Z,CROW,gemGrab,HardRockMine,mid,2927,1469,111,9242,55452,fixture-synthetic-v1
2026-09-09T00:00:00Z,2026-08-31T00:00:00Z,2026-09-07T00:00:00Z,ELPRIMO,gemGrab,HardRockMine,mid,3200,1583,101,9242,55452,fixture-synthetic-v1
2026-09-09T00:00:00Z,2026-08-31T00:00:00Z,2026-09-07T00:00:00Z,PIPER,gemGrab,HardRockMine,mid,2306,1178,85,9242,55452,fixture-synthetic-v1
2026-09-09T00:00:00Z,2026-08-31T00:00:00Z,2026-09-07T00:00:00Z,SPIKE,gemGrab,HardRockMine,high,455,251,14,1213,7278,fixture-synthetic-v1
2026-09-09T00:00:00Z,2026-08-31T00:00:00Z,2026-09-07T00:00:00Z,CROW,gemGrab,HardRockMine,high,347,193,15,1213,7278,fixture-synthetic-v1
2026-09-09T00:00:00Z,2026-08-31T00:00:00Z,2026-09-07T00:00:00Z,ELPRIMO,gemGrab,HardRockMine,high,363,166,10,1213,7278,fixture-synthetic-v1
2026-09-09T00:00:00Z,2026-08-31T00:00:00Z,2026-09-07T00:00:00Z,PIPER,gemGrab,HardRockMine,high,339,165,10,1213,7278,fixture-synthetic-v1
2026-09-09T00:00:00Z,2026-08-31T00:00:00Z,2026-09-07T00:00:00Z,SPIKE,gemGrab,DoubleSwoosh,low,1636,795,53,4758,28548,fixture-synthetic-v1
2026-09-09T00:00:00Z,2026-08-31T00:00:00Z,2026-09-07T00:00:00Z,CROW,gemGrab,DoubleSwoosh,low,1475,735,52,4758,28548,fixture-synthetic-v1
2026-09-09T00:00:00Z,2026-08-31T00:00:00Z,2026-09-07T00:00:00Z,ELPRIMO,gemGrab,DoubleSwoosh,low,1495,682,50,4758,28548,fixture-synthetic-v1
2026-09-09T00:00:00Z,2026-08-31T00:00:00Z,2026-09-07T00:00:00Z,PIPER,gemGrab,DoubleSwoosh,low,1363,657,51,4758,28548,fixture-synthetic-v1
2026-09-09T00:00:00Z,2026-08-31T00:00:00Z,2026-09-07T00:00:00Z,SPIKE,gemGrab,DoubleSwoosh,mid,3698,1828,112,9737,58422,fixture-synthetic-v1
2026-09-09T00:00:00Z,2026-08-31T00:00:00Z,2026-09-07T00:00:00Z,CROW,gemGrab,DoubleSwoosh,mid,3127,1559,125,9737,58422,fixture-synthetic-v1
2026-09-09T00:00:00Z,2026-08-31T00:00:00Z,2026-09-07T00:00:00Z,ELPRIMO,gemGrab,DoubleSwoosh,mid,2913,1387,106,9737,58422,fixture-synthetic-v1
2026-09-09T00:00:00Z,2026-08-31T00:00:00Z,2026-09-07T00:00:00Z,PIPER,gemGrab,DoubleSwoosh,mid,2466,1260,78,9737,58422,fixture-synthetic-v1
2026-09-09T00:00:00Z,2026-08-31T00:00:00Z,2026-09-07T00:00:00Z,SPIKE,gemGrab,DoubleSwoosh,high,440,243,18,1174,7044,fixture-synthetic-v1
2026-09-09T00:00:00Z,2026-08-31T00:00:00Z,2026-09-07T00:00:00Z,CROW,gemGrab,DoubleSwoosh,high,312,145,15,1174,7044,fixture-synthetic-v1
2026-09-09T00:00:00Z,2026-08-31T00:00:00Z,2026-09-07T00:00:00Z,ELPRIMO,gemGrab,DoubleSwoosh,high,374,154,18,1174,7044,fixture-synthetic-v1
2026-09-09T00:00:00Z,2026-08-31T00:00:00Z,2026-09-07T00:00:00Z,PIPER,gemGrab,DoubleSwoosh,high,322,147,12,1174,7044,fixture-synthetic-v1
2026-09-09T00:00:00Z,2026-08-31T00:00:00Z,2026-09-07T00:00:00Z,SPIKE,gemGrab,UndermineGG,low,1749,883,65,5095,30570,fixture-synthetic-v1
2026-09-09T00:00:00Z,2026-08-31T00:00:00Z,2026-09-07T00:00:00Z,CROW,gemGrab,UndermineGG,low,1422,710,50,5095,30570,fixture-synthetic-v1
2026-09-09T00:00:00Z,2026-08-31T00:00:00Z,2026-09-07T00:00:00Z,ELPRIMO,gemGrab,UndermineGG,low,1569,743,63,5095,30570,fixture-synthetic-v1
2026-09-09T00:00:00Z,2026-08-31T00:00:00Z,2026-09-07T00:00:00Z,PIPER,gemGrab,UndermineGG,low,1426,713,56,5095,30570,fixture-synthetic-v1
2026-09-09T00:00:00Z,2026-08-31T00:00:00Z,2026-09-07T00:00:00Z,SPIKE,gemGrab,UndermineGG,mid,2997,1511,102,8831,52986,fixture-synthetic-v1
2026-09-09T00:00:00Z,2026-08-31T00:00:00Z,2026-09-07T00:00:00Z,CROW,gemGrab,UndermineGG,mid,2624,1263,101,8831,52986,fixture-synthetic-v1
2026-09-09T00:00:00Z,2026-08-31T00:00:00Z,2026-09-07T00:00:00Z,ELPRIMO,gemGrab,UndermineGG,mid,2762,1330,118,8831,52986,fixture-synthetic-v1
2026-09-09T00:00:00Z,2026-08-31T00:00:00Z,2026-09-07T00:00:00Z,PIPER,gemGrab,UndermineGG,mid,2217,1084,74,8831,52986,fixture-synthetic-v1
2026-09-09T00:00:00Z,2026-08-31T00:00:00Z,2026-09-07T00:00:00Z,SPIKE,gemGrab,UndermineGG,high,560,280,12,1371,8226,fixture-synthetic-v1
2026-09-09T00:00:00Z,2026-08-31T00:00:00Z,2026-09-07T00:00:00Z,CROW,gemGrab,UndermineGG,high,398,221,14,1371,8226,fixture-synthetic-v1
2026-09-09T00:00:00Z,2026-08-31T00:00:00Z,2026-09-07T00:00:00Z,ELPRIMO,gemGrab,UndermineGG,high,456,215,12,1371,8226,fixture-synthetic-v1
2026-09-09T00:00:00Z,2026-08-31T00:00:00Z,2026-09-07T00:00:00Z,PIPER,gemGrab,UndermineGG,high,350,172,12,1371,8226,fixture-synthetic-v1
2026-09-09T00:00:00Z,2026-08-31T00:00:00Z,2026-09-07T00:00:00Z,SPIKE,soloShowdown,SkullCreek,low,3499,1191,366,5178,51780,fixture-synthetic-v1
2026-09-09T00:00:00Z,2026-08-31T00:00:00Z,2026-09-07T00:00:00Z,CROW,soloShowdown,SkullCreek,low,2409,901,251,5178,51780,fixture-synthetic-v1
2026-09-09T00:00:00Z,2026-08-31T00:00:00Z,2026-09-07T00:00:00Z,ELPRIMO,soloShowdown,SkullCreek,low,2654,965,263,5178,51780,fixture-synthetic-v1
2026-09-09T00:00:00Z,2026-08-31T00:00:00Z,2026-09-07T00:00:00Z,PIPER,soloShowdown,SkullCreek,low,2038,720,217,5178,51780,fixture-synthetic-v1
2026-09-09T00:00:00Z,2026-08-31T00:00:00Z,2026-09-07T00:00:00Z,SPIKE,soloShowdown,SkullCreek,mid,6328,2367,645,9785,97850,fixture-synthetic-v1
2026-09-09T00:00:00Z,2026-08-31T00:00:00Z,2026-09-07T00:00:00Z,CROW,soloShowdown,SkullCreek,mid,5073,2035,502,9785,97850,fixture-synthetic-v1
2026-09-09T00:00:00Z,2026-08-31T00:00:00Z,2026-09-07T00:00:00Z,ELPRIMO,soloShowdown,SkullCreek,mid,4920,1732,471,9785,97850,fixture-synthetic-v1
2026-09-09T00:00:00Z,2026-08-31T00:00:00Z,2026-09-07T00:00:00Z,PIPER,soloShowdown,SkullCreek,mid,3870,1447,384,9785,97850,fixture-synthetic-v1
2026-09-09T00:00:00Z,2026-08-31T00:00:00Z,2026-09-07T00:00:00Z,SPIKE,soloShowdown,SkullCreek,high,892,348,96,1383,13830,fixture-synthetic-v1
2026-09-09T00:00:00Z,2026-08-31T00:00:00Z,2026-09-07T00:00:00Z,CROW,soloShowdown,SkullCreek,high,686,280,69,1383,13830,fixture-synthetic-v1
2026-09-09T00:00:00Z,2026-08-31T00:00:00Z,2026-09-07T00:00:00Z,ELPRIMO,soloShowdown,SkullCreek,high,812,267,83,1383,13830,fixture-synthetic-v1
2026-09-09T00:00:00Z,2026-08-31T00:00:00Z,2026-09-07T00:00:00Z,PIPER,soloShowdown,SkullCreek,high,604,230,49,1383,13830,fixture-synthetic-v1
2026-09-09T00:00:00Z,2026-08-31T00:00:00Z,2026-09-07T00:00:00Z,SPIKE,soloShowdown,FeastOrFamine,low,4049,1301,429,5999,59990,fixture-synthetic-v1
2026-09-09T00:00:00Z,2026-08-31T00:00:00Z,2026-09-07T00:00:00Z,CROW,soloShowdown,FeastOrFamine,low,3133,1124,335,5999,59990,fixture-synthetic-v1
2026-09-09T00:00:00Z,2026-08-31T00:00:00Z,2026-09-07T00:00:00Z,ELPRIMO,soloShowdown,FeastOrFamine,low,3079,1055,317,5999,59990,fixture-synthetic-v1
2026-09-09T00:00:00Z,2026-08-31T00:00:00Z,2026-09-07T00:00:00Z,PIPER,soloShowdown,FeastOrFamine,low,2343,805,239,5999,59990,fixture-synthetic-v1
2026-09-09T00:00:00Z,2026-08-31T00:00:00Z,2026-09-07T00:00:00Z,SPIKE,soloShowdown,FeastOrFamine,mid,4176,1529,411,7434,74340,fixture-synthetic-v1
2026-09-09T00:00:00Z,2026-08-31T00:00:00Z,2026-09-07T00:00:00Z,CROW,soloShowdown,FeastOrFamine,mid,3321,1275,327,7434,74340,fixture-synthetic-v1
2026-09-09T00:00:00Z,2026-08-31T00:00:00Z,2026-09-07T00:00:00Z,ELPRIMO,soloShowdown,FeastOrFamine,mid,3795,1214,411,7434,74340,fixture-synthetic-v1
2026-09-09T00:00:00Z,2026-08-31T00:00:00Z,2026-09-07T00:00:00Z,PIPER,soloShowdown,FeastOrFamine,mid,3314,1202,352,7434,74340,fixture-synthetic-v1
2026-09-09T00:00:00Z,2026-08-31T00:00:00Z,2026-09-07T00:00:00Z,SPIKE,soloShowdown,FeastOrFamine,high,787,289,93,1403,14030,fixture-synthetic-v1
2026-09-09T00:00:00Z,2026-08-31T00:00:00Z,2026-09-07T00:00:00Z,CROW,soloShowdown,FeastOrFamine,high,690,264,69,1403,14030,fixture-synthetic-v1
2026-09-09T00:00:00Z,2026-08-31T00:00:00Z,2026-09-07T00:00:00Z,ELPRIMO,soloShowdown,FeastOrFamine,high,745,215,71,1403,14030,fixture-synthetic-v1
2026-09-09T00:00:00Z,2026-08-31T00:00:00Z,2026-09-07T00:00:00Z,PIPER,soloShowdown,FeastOrFamine,high,631,245,57,1403,14030,fixture-synthetic-v1
2026-09-09T00:00:00Z,2026-08-31T00:00:00Z,2026-09-07T00:00:00Z,SPIKE,soloShowdown,RockwallBrawl,low,3527,1265,354,5927,59270,fixture-synthetic-v1
2026-09-09T00:00:00Z,2026-08-31T00:00:00Z,2026-09-07T00:00:00Z,CROW,soloShowdown,RockwallBrawl,low,2968,1135,310,5927,59270,fixture-synthetic-v1
2026-09-09T00:00:00Z,2026-08-31T00:00:00Z,2026-09-07T00:00:00Z,ELPRIMO,soloShowdown,RockwallBrawl,low,3531,1199,365,5927,59270,fixture-synthetic-v1
2026-09-09T00:00:00Z,2026-08-31T00:00:00Z,2026-09-07T00:00:00Z,PIPER,soloShowdown,RockwallBrawl,low,2264,816,221,5927,59270,fixture-synthetic-v1
2026-09-09T00:00:00Z,2026-08-31T00:00:00Z,2026-09-07T00:00:00Z,SPIKE,soloShowdown,RockwallBrawl,mid,7094,2619,701,10459,104590,fixture-synthetic-v1
2026-09-09T00:00:00Z,2026-08-31T00:00:00Z,2026-09-07T00:00:00Z,CROW,soloShowdown,RockwallBrawl,mid,4729,1947,459,10459,104590,fixture-synthetic-v1
2026-09-09T00:00:00Z,2026-08-31T00:00:00Z,2026-09-07T00:00:00Z,ELPRIMO,soloShowdown,RockwallBrawl,mid,5231,1802,540,10459,104590,fixture-synthetic-v1
2026-09-09T00:00:00Z,2026-08-31T00:00:00Z,2026-09-07T00:00:00Z,PIPER,soloShowdown,RockwallBrawl,mid,4148,1558,428,10459,104590,fixture-synthetic-v1
2026-09-09T00:00:00Z,2026-08-31T00:00:00Z,2026-09-07T00:00:00Z,SPIKE,soloShowdown,RockwallBrawl,high,30,10,4,55,550,fixture-synthetic-v1
2026-09-09T00:00:00Z,2026-08-31T00:00:00Z,2026-09-07T00:00:00Z,CROW,soloShowdown,RockwallBrawl,high,24,10,2,55,550,fixture-synthetic-v1
2026-09-09T00:00:00Z,2026-08-31T00:00:00Z,2026-09-07T00:00:00Z,ELPRIMO,soloShowdown,RockwallBrawl,high,31,7,3,55,550,fixture-synthetic-v1
2026-09-09T00:00:00Z,2026-08-31T00:00:00Z,2026-09-07T00:00:00Z,PIPER,soloShowdown,RockwallBrawl,high,25,13,2,55,550,fixture-synthetic-v1
2026-09-09T00:00:00Z,2026-08-31T00:00:00Z,2026-09-07T00:00:00Z,SPIKE,gemGrab,NewRotationMap,mid,5803,2961,198,17690,106140,fixture-synthetic-v1
2026-09-09T00:00:00Z,2026-08-31T00:00:00Z,2026-09-07T00:00:00Z,CROW,gemGrab,NewRotationMap,mid,5499,2779,180,17690,106140,fixture-synthetic-v1
2026-09-09T00:00:00Z,2026-08-31T00:00:00Z,2026-09-07T00:00:00Z,ELPRIMO,gemGrab,NewRotationMap,mid,6460,3093,260,17690,106140,fixture-synthetic-v1
2026-09-09T00:00:00Z,2026-08-31T00:00:00Z,2026-09-07T00:00:00Z,PIPER,gemGrab,NewRotationMap,mid,4112,2058,152,17690,106140,fixture-synthetic-v1
2026-09-16T00:00:00Z,2026-09-07T00:00:00Z,2026-09-14T00:00:00Z,SPIKE,brawlBall,BackyardBowl,low,1727,818,73,4729,28374,fixture-synthetic-v1
2026-09-16T00:00:00Z,2026-09-07T00:00:00Z,2026-09-14T00:00:00Z,CROW,brawlBall,BackyardBowl,low,1368,588,63,4729,28374,fixture-synthetic-v1
2026-09-16T00:00:00Z,2026-09-07T00:00:00Z,2026-09-14T00:00:00Z,ELPRIMO,brawlBall,BackyardBowl,low,1380,732,71,4729,28374,fixture-synthetic-v1
2026-09-16T00:00:00Z,2026-09-07T00:00:00Z,2026-09-14T00:00:00Z,PIPER,brawlBall,BackyardBowl,low,1318,627,60,4729,28374,fixture-synthetic-v1
2026-09-16T00:00:00Z,2026-09-07T00:00:00Z,2026-09-14T00:00:00Z,SPIKE,brawlBall,BackyardBowl,mid,2693,1276,138,7728,46368,fixture-synthetic-v1
2026-09-16T00:00:00Z,2026-09-07T00:00:00Z,2026-09-14T00:00:00Z,CROW,brawlBall,BackyardBowl,mid,1969,860,95,7728,46368,fixture-synthetic-v1
2026-09-16T00:00:00Z,2026-09-07T00:00:00Z,2026-09-14T00:00:00Z,ELPRIMO,brawlBall,BackyardBowl,mid,2324,1192,108,7728,46368,fixture-synthetic-v1
2026-09-16T00:00:00Z,2026-09-07T00:00:00Z,2026-09-14T00:00:00Z,PIPER,brawlBall,BackyardBowl,mid,2090,1004,98,7728,46368,fixture-synthetic-v1
2026-09-16T00:00:00Z,2026-09-07T00:00:00Z,2026-09-14T00:00:00Z,SPIKE,brawlBall,BackyardBowl,high,423,210,13,1280,7680,fixture-synthetic-v1
2026-09-16T00:00:00Z,2026-09-07T00:00:00Z,2026-09-14T00:00:00Z,CROW,brawlBall,BackyardBowl,high,349,157,18,1280,7680,fixture-synthetic-v1
2026-09-16T00:00:00Z,2026-09-07T00:00:00Z,2026-09-14T00:00:00Z,ELPRIMO,brawlBall,BackyardBowl,high,423,214,25,1280,7680,fixture-synthetic-v1
2026-09-16T00:00:00Z,2026-09-07T00:00:00Z,2026-09-14T00:00:00Z,PIPER,brawlBall,BackyardBowl,high,317,163,11,1280,7680,fixture-synthetic-v1
2026-09-16T00:00:00Z,2026-09-07T00:00:00Z,2026-09-14T00:00:00Z,SPIKE,brawlBall,PinholePunt,low,1820,841,85,5646,33876,fixture-synthetic-v1
2026-09-16T00:00:00Z,2026-09-07T00:00:00Z,2026-09-14T00:00:00Z,CROW,brawlBall,PinholePunt,low,1602,742,71,5646,33876,fixture-synthetic-v1
2026-09-16T00:00:00Z,2026-09-07T00:00:00Z,2026-09-14T00:00:00Z,ELPRIMO,brawlBall,PinholePunt,low,2068,1129,91,5646,33876,fixture-synthetic-v1
2026-09-16T00:00:00Z,2026-09-07T00:00:00Z,2026-09-14T00:00:00Z,PIPER,brawlBall,PinholePunt,low,1540,746,79,5646,33876,fixture-synthetic-v1
2026-09-16T00:00:00Z,2026-09-07T00:00:00Z,2026-09-14T00:00:00Z,SPIKE,brawlBall,PinholePunt,mid,3260,1617,159,8384,50304,fixture-synthetic-v1
2026-09-16T00:00:00Z,2026-09-07T00:00:00Z,2026-09-14T00:00:00Z,CROW,brawlBall,PinholePunt,mid,2206,1035,113,8384,50304,fixture-synthetic-v1
2026-09-16T00:00:00Z,2026-09-07T00:00:00Z,2026-09-14T00:00:00Z,ELPRIMO,brawlBall,PinholePunt,mid,2775,1495,126,8384,50304,fixture-synthetic-v1
2026-09-16T00:00:00Z,2026-09-07T00:00:00Z,2026-09-14T00:00:00Z,PIPER,brawlBall,PinholePunt,mid,2224,1110,92,8384,50304,fixture-synthetic-v1
2026-09-16T00:00:00Z,2026-09-07T00:00:00Z,2026-09-14T00:00:00Z,SPIKE,brawlBall,PinholePunt,high,487,255,29,1233,7398,fixture-synthetic-v1
2026-09-16T00:00:00Z,2026-09-07T00:00:00Z,2026-09-14T00:00:00Z,CROW,brawlBall,PinholePunt,high,369,191,15,1233,7398,fixture-synthetic-v1
2026-09-16T00:00:00Z,2026-09-07T00:00:00Z,2026-09-14T00:00:00Z,ELPRIMO,brawlBall,PinholePunt,high,394,201,15,1233,7398,fixture-synthetic-v1
2026-09-16T00:00:00Z,2026-09-07T00:00:00Z,2026-09-14T00:00:00Z,PIPER,brawlBall,PinholePunt,high,344,179,14,1233,7398,fixture-synthetic-v1
2026-09-16T00:00:00Z,2026-09-07T00:00:00Z,2026-09-14T00:00:00Z,SPIKE,brawlBall,SneakySneak,low,1837,793,84,4692,28152,fixture-synthetic-v1
2026-09-16T00:00:00Z,2026-09-07T00:00:00Z,2026-09-14T00:00:00Z,CROW,brawlBall,SneakySneak,low,1343,612,72,4692,28152,fixture-synthetic-v1
2026-09-16T00:00:00Z,2026-09-07T00:00:00Z,2026-09-14T00:00:00Z,ELPRIMO,brawlBall,SneakySneak,low,1365,756,55,4692,28152,fixture-synthetic-v1
2026-09-16T00:00:00Z,2026-09-07T00:00:00Z,2026-09-14T00:00:00Z,PIPER,brawlBall,SneakySneak,low,1263,592,59,4692,28152,fixture-synthetic-v1
2026-09-16T00:00:00Z,2026-09-07T00:00:00Z,2026-09-14T00:00:00Z,SPIKE,brawlBall,SneakySneak,mid,2998,1430,137,8331,49986,fixture-synthetic-v1
2026-09-16T00:00:00Z,2026-09-07T00:00:00Z,2026-09-14T00:00:00Z,CROW,brawlBall,SneakySneak,mid,2370,1070,99,8331,49986,fixture-synthetic-v1
2026-09-16T00:00:00Z,2026-09-07T00:00:00Z,2026-09-14T00:00:00Z,ELPRIMO,brawlBall,SneakySneak,mid,2803,1461,121,8331,49986,fixture-synthetic-v1
2026-09-16T00:00:00Z,2026-09-07T00:00:00Z,2026-09-14T00:00:00Z,PIPER,brawlBall,SneakySneak,mid,2045,983,102,8331,49986,fixture-synthetic-v1
2026-09-16T00:00:00Z,2026-09-07T00:00:00Z,2026-09-14T00:00:00Z,SPIKE,brawlBall,SneakySneak,high,462,211,24,1342,8052,fixture-synthetic-v1
2026-09-16T00:00:00Z,2026-09-07T00:00:00Z,2026-09-14T00:00:00Z,CROW,brawlBall,SneakySneak,high,385,196,15,1342,8052,fixture-synthetic-v1
2026-09-16T00:00:00Z,2026-09-07T00:00:00Z,2026-09-14T00:00:00Z,ELPRIMO,brawlBall,SneakySneak,high,390,186,14,1342,8052,fixture-synthetic-v1
2026-09-16T00:00:00Z,2026-09-07T00:00:00Z,2026-09-14T00:00:00Z,PIPER,brawlBall,SneakySneak,high,318,162,12,1342,8052,fixture-synthetic-v1
2026-09-16T00:00:00Z,2026-09-07T00:00:00Z,2026-09-14T00:00:00Z,SPIKE,gemGrab,HardRockMine,low,2343,1220,79,5996,35976,fixture-synthetic-v1
2026-09-16T00:00:00Z,2026-09-07T00:00:00Z,2026-09-14T00:00:00Z,CROW,gemGrab,HardRockMine,low,1648,800,56,5996,35976,fixture-synthetic-v1
2026-09-16T00:00:00Z,2026-09-07T00:00:00Z,2026-09-14T00:00:00Z,ELPRIMO,gemGrab,HardRockMine,low,2180,1103,73,5996,35976,fixture-synthetic-v1
2026-09-16T00:00:00Z,2026-09-07T00:00:00Z,2026-09-14T00:00:00Z,PIPER,gemGrab,HardRockMine,low,1696,866,64,5996,35976,fixture-synthetic-v1
2026-09-16T00:00:00Z,2026-09-07T00:00:00Z,2026-09-14T00:00:00Z,SPIKE,gemGrab,HardRockMine,mid,3374,1739,94,10279,61674,fixture-synthetic-v1
2026-09-16T00:00:00Z,2026-09-07T00:00:00Z,2026-09-14T00:00:00Z,CROW,gemGrab,HardRockMine,mid,2740,1372,91,10279,61674,fixture-synthetic-v1
2026-09-16T00:00:00Z,2026-09-07T00:00:00Z,2026-09-14T00:00:00Z,ELPRIMO,gemGrab,HardRockMine,mid,3436,1683,115,10279,61674,fixture-synthetic-v1
2026-09-16T00:00:00Z,2026-09-07T00:00:00Z,2026-09-14T00:00:00Z,PIPER,gemGrab,HardRockMine,mid,2709,1396,107,10279,61674,fixture-synthetic-v1
2026-09-16T00:00:00Z,2026-09-07T00:00:00Z,2026-09-14T00:00:00Z,SPIKE,gemGrab,HardRockMine,high,573,298,15,1519,9114,fixture-synthetic-v1
2026-09-16T00:00:00Z,2026-09-07T00:00:00Z,2026-09-14T00:00:00Z,CROW,gemGrab,HardRockMine,high,489,234,16,1519,9114,fixture-synthetic-v1
2026-09-16T00:00:00Z,2026-09-07T00:00:00Z,2026-09-14T00:00:00Z,ELPRIMO,gemGrab,HardRockMine,high,447,197,17,1519,9114,fixture-synthetic-v1
2026-09-16T00:00:00Z,2026-09-07T00:00:00Z,2026-09-14T00:00:00Z,PIPER,gemGrab,HardRockMine,high,434,225,19,1519,9114,fixture-synthetic-v1
2026-09-16T00:00:00Z,2026-09-07T00:00:00Z,2026-09-14T00:00:00Z,SPIKE,gemGrab,DoubleSwoosh,low,1837,907,56,5281,31686,fixture-synthetic-v1
2026-09-16T00:00:00Z,2026-09-07T00:00:00Z,2026-09-14T00:00:00Z,CROW,gemGrab,DoubleSwoosh,low,1690,817,68,5281,31686,fixture-synthetic-v1
2026-09-16T00:00:00Z,2026-09-07T00:00:00Z,2026-09-14T00:00:00Z,ELPRIMO,gemGrab,DoubleSwoosh,low,1814,879,59,5281,31686,fixture-synthetic-v1
2026-09-16T00:00:00Z,2026-09-07T00:00:00Z,2026-09-14T00:00:00Z,PIPER,gemGrab,DoubleSwoosh,low,1421,707,51,5281,31686,fixture-synthetic-v1
2026-09-16T00:00:00Z,2026-09-07T00:00:00Z,2026-09-14T00:00:00Z,SPIKE,gemGrab,DoubleSwoosh,mid,3398,1608,124,8989,53934,fixture-synthetic-v1
2026-09-16T00:00:00Z,2026-09-07T00:00:00Z,2026-09-14T00:00:00Z,CROW,gemGrab,DoubleSwoosh,mid,2487,1261,97,8989,53934,fixture-synthetic-v1
2026-09-16T00:00:00Z,2026-09-07T00:00:00Z,2026-09-14T00:00:00Z,ELPRIMO,gemGrab,DoubleSwoosh,mid,3005,1410,116,8989,53934,fixture-synthetic-v1
2026-09-16T00:00:00Z,2026-09-07T00:00:00Z,2026-09-14T00:00:00Z,PIPER,gemGrab,DoubleSwoosh,mid,2363,1139,94,8989,53934,fixture-synthetic-v1
2026-09-16T00:00:00Z,2026-09-07T00:00:00Z,2026-09-14T00:00:00Z,SPIKE,gemGrab,DoubleSwoosh,high,423,222,13,1275,7650,fixture-synthetic-v1
2026-09-16T00:00:00Z,2026-09-07T00:00:00Z,2026-09-14T00:00:00Z,CROW,gemGrab,DoubleSwoosh,high,363,202,10,1275,7650,fixture-synthetic-v1
2026-09-16T00:00:00Z,2026-09-07T00:00:00Z,2026-09-14T00:00:00Z,ELPRIMO,gemGrab,DoubleSwoosh,high,372,173,10,1275,7650,fixture-synthetic-v1
2026-09-16T00:00:00Z,2026-09-07T00:00:00Z,2026-09-14T00:00:00Z,PIPER,gemGrab,DoubleSwoosh,high,322,167,9,1275,7650,fixture-synthetic-v1
2026-09-16T00:00:00Z,2026-09-07T00:00:00Z,2026-09-14T00:00:00Z,SPIKE,gemGrab,UndermineGG,low,1827,891,60,4811,28866,fixture-synthetic-v1
2026-09-16T00:00:00Z,2026-09-07T00:00:00Z,2026-09-14T00:00:00Z,CROW,gemGrab,UndermineGG,low,1276,655,45,4811,28866,fixture-synthetic-v1
2026-09-16T00:00:00Z,2026-09-07T00:00:00Z,2026-09-14T00:00:00Z,ELPRIMO,gemGrab,UndermineGG,low,1429,708,50,4811,28866,fixture-synthetic-v1
2026-09-16T00:00:00Z,2026-09-07T00:00:00Z,2026-09-14T00:00:00Z,PIPER,gemGrab,UndermineGG,low,1272,620,49,4811,28866,fixture-synthetic-v1
2026-09-16T00:00:00Z,2026-09-07T00:00:00Z,2026-09-14T00:00:00Z,SPIKE,gemGrab,UndermineGG,mid,3254,1670,130,8404,50424,fixture-synthetic-v1
2026-09-16T00:00:00Z,2026-09-07T00:00:00Z,2026-09-14T00:00:00Z,CROW,gemGrab,UndermineGG,mid,2361,1155,76,8404,50424,fixture-synthetic-v1
2026-09-16T00:00:00Z,2026-09-07T00:00:00Z,2026-09-14T00:00:00Z,ELPRIMO,gemGrab,UndermineGG,mid,2696,1296,84,8404,50424,fixture-synthetic-v1
2026-09-16T00:00:00Z,2026-09-07T00:00:00Z,2026-09-14T00:00:00Z,PIPER,gemGrab,UndermineGG,mid,2246,1131,76,8404,50424,fixture-synthetic-v1
2026-09-16T00:00:00Z,2026-09-07T00:00:00Z,2026-09-14T00:00:00Z,SPIKE,gemGrab,UndermineGG,high,456,240,12,1297,7782,fixture-synthetic-v1
2026-09-16T00:00:00Z,2026-09-07T00:00:00Z,2026-09-14T00:00:00Z,CROW,gemGrab,UndermineGG,high,395,208,13,1297,7782,fixture-synthetic-v1
2026-09-16T00:00:00Z,2026-09-07T00:00:00Z,2026-09-14T00:00:00Z,ELPRIMO,gemGrab,UndermineGG,high,389,187,17,1297,7782,fixture-synthetic-v1
2026-09-16T00:00:00Z,2026-09-07T00:00:00Z,2026-09-14T00:00:00Z,PIPER,gemGrab,UndermineGG,high,315,161,14,1297,7782,fixture-synthetic-v1
2026-09-16T00:00:00Z,2026-09-07T00:00:00Z,2026-09-14T00:00:00Z,SPIKE,soloShowdown,SkullCreek,low,2745,959,280,4725,47250,fixture-synthetic-v1
2026-09-16T00:00:00Z,2026-09-07T00:00:00Z,2026-09-14T00:00:00Z,CROW,soloShowdown,SkullCreek,low,2291,939,223,4725,47250,fixture-synthetic-v1
2026-09-16T00:00:00Z,2026-09-07T00:00:00Z,2026-09-14T00:00:00Z,ELPRIMO,soloShowdown,SkullCreek,low,2592,968,252,4725,47250,fixture-synthetic-v1
2026-09-16T00:00:00Z,2026-09-07T00:00:00Z,2026-09-14T00:00:00Z,PIPER,soloShowdown,SkullCreek,low,1863,674,179,4725,47250,fixture-synthetic-v1
2026-09-16T00:00:00Z,2026-09-07T00:00:00Z,2026-09-14T00:00:00Z,SPIKE,soloShowdown,SkullCreek,mid,6479,2418,636,10118,101180,fixture-synthetic-v1
2026-09-16T00:00:00Z,2026-09-07T00:00:00Z,2026-09-14T00:00:00Z,CROW,soloShowdown,SkullCreek,mid,5051,2028,504,10118,101180,fixture-synthetic-v1
2026-09-16T00:00:00Z,2026-09-07T00:00:00Z,2026-09-14T00:00:00Z,ELPRIMO,soloShowdown,SkullCreek,mid,5102,1753,516,10118,101180,fixture-synthetic-v1
2026-09-16T00:00:00Z,2026-09-07T00:00:00Z,2026-09-14T00:00:00Z,PIPER,soloShowdown,SkullCreek,mid,3969,1396,431,10118,101180,fixture-synthetic-v1
2026-09-16T00:00:00Z,2026-09-07T00:00:00Z,2026-09-14T00:00:00Z,SPIKE,soloShowdown,SkullCreek,high,859,314,92,1287,12870,fixture-synthetic-v1
2026-09-16T00:00:00Z,2026-09-07T00:00:00Z,2026-09-14T00:00:00Z,CROW,soloShowdown,SkullCreek,high,659,278,56,1287,12870,fixture-synthetic-v1
2026-09-16T00:00:00Z,2026-09-07T00:00:00Z,2026-09-14T00:00:00Z,ELPRIMO,soloShowdown,SkullCreek,high,626,200,64,1287,12870,fixture-synthetic-v1
2026-09-16T00:00:00Z,2026-09-07T00:00:00Z,2026-09-14T00:00:00Z,PIPER,soloShowdown,SkullCreek,high,574,216,60,1287,12870,fixture-synthetic-v1
2026-09-16T00:00:00Z,2026-09-07T00:00:00Z,2026-09-14T00:00:00Z,SPIKE,soloShowdown,FeastOrFamine,low,2995,1076,292,4460,44600,fixture-synthetic-v1
2026-09-16T00:00:00Z,2026-09-07T00:00:00Z,2026-09-14T00:00:00Z,CROW,soloShowdown,FeastOrFamine,low,2371,894,240,4460,44600,fixture-synthetic-v1
2026-09-16T00:00:00Z,2026-09-07T00:00:00Z,2026-09-14T00:00:00Z,ELPRIMO,soloShowdown,FeastOrFamine,low,2432,850,241,4460,44600,fixture-synthetic-v1
2026-09-16T00:00:00Z,2026-09-07T00:00:00Z,2026-09-14T00:00:00Z,PIPER,soloShowdown,FeastOrFamine,low,1736,586,163,4460,44600,fixture-synthetic-v1
2026-09-16T00:00:00Z,2026-09-07T00:00:00Z,2026-09-14T00:00:00Z,SPIKE,soloShowdown,FeastOrFamine,mid,5922,2079,586,9608,96080,fixture-synthetic-v1
2026-09-16T00:00:00Z,2026-09-07T00:00:00Z,2026-09-14T00:00:00Z,CROW,soloShowdown,FeastOrFamine,mid,4993,1947,515,9608,96080,fixture-synthetic-v1
2026-09-16T00:00:00Z,2026-09-07T00:00:00Z,2026-09-14T00:00:00Z,ELPRIMO,soloShowdown,FeastOrFamine,mid,4984,1664,471,9608,96080,fixture-synthetic-v1
2026-09-16T00:00:00Z,2026-09-07T00:00:00Z,2026-09-14T00:00:00Z,PIPER,soloShowdown,FeastOrFamine,mid,4255,1523,453,9608,96080,fixture-synthetic-v1
2026-09-16T00:00:00Z,2026-09-07T00:00:00Z,2026-09-14T00:00:00Z,SPIKE,soloShowdown,FeastOrFamine,high,867,292,93,1528,15280,fixture-synthetic-v1
2026-09-16T00:00:00Z,2026-09-07T00:00:00Z,2026-09-14T00:00:00Z,CROW,soloShowdown,FeastOrFamine,high,711,259,85,1528,15280,fixture-synthetic-v1
2026-09-16T00:00:00Z,2026-09-07T00:00:00Z,2026-09-14T00:00:00Z,ELPRIMO,soloShowdown,FeastOrFamine,high,773,234,87,1528,15280,fixture-synthetic-v1
2026-09-16T00:00:00Z,2026-09-07T00:00:00Z,2026-09-14T00:00:00Z,PIPER,soloShowdown,FeastOrFamine,high,613,226,63,1528,15280,fixture-synthetic-v1
2026-09-16T00:00:00Z,2026-09-07T00:00:00Z,2026-09-14T00:00:00Z,SPIKE,soloShowdown,RockwallBrawl,low,3037,1076,285,4752,47520,fixture-synthetic-v1
2026-09-16T00:00:00Z,2026-09-07T00:00:00Z,2026-09-14T00:00:00Z,CROW,soloShowdown,RockwallBrawl,low,2365,896,266,4752,47520,fixture-synthetic-v1
2026-09-16T00:00:00Z,2026-09-07T00:00:00Z,2026-09-14T00:00:00Z,ELPRIMO,soloShowdown,RockwallBrawl,low,2736,991,277,4752,47520,fixture-synthetic-v1
2026-09-16T00:00:00Z,2026-09-07T00:00:00Z,2026-09-14T00:00:00Z,PIPER,soloShowdown,RockwallBrawl,low,1985,683,192,4752,47520,fixture-synthetic-v1
2026-09-16T00:00:00Z,2026-09-07T00:00:00Z,2026-09-14T00:00:00Z,SPIKE,soloShowdown,RockwallBrawl,mid,4342,1552,449,7963,79630,fixture-synthetic-v1
2026-09-16T00:00:00Z,2026-09-07T00:00:00Z,2026-09-14T00:00:00Z,CROW,soloShowdown,RockwallBrawl,mid,3704,1498,366,7963,79630,fixture-synthetic-v1
2026-09-16T00:00:00Z,2026-09-07T00:00:00Z,2026-09-14T00:00:00Z,ELPRIMO,soloShowdown,RockwallBrawl,mid,4492,1517,464,7963,79630,fixture-synthetic-v1
2026-09-16T00:00:00Z,2026-09-07T00:00:00Z,2026-09-14T00:00:00Z,PIPER,soloShowdown,RockwallBrawl,mid,3225,1136,350,7963,79630,fixture-synthetic-v1
2026-09-16T00:00:00Z,2026-09-07T00:00:00Z,2026-09-14T00:00:00Z,SPIKE,soloShowdown,RockwallBrawl,high,26,14,3,46,460,fixture-synthetic-v1
2026-09-16T00:00:00Z,2026-09-07T00:00:00Z,2026-09-14T00:00:00Z,CROW,soloShowdown,RockwallBrawl,high,24,9,3,46,460,fixture-synthetic-v1
2026-09-16T00:00:00Z,2026-09-07T00:00:00Z,2026-09-14T00:00:00Z,ELPRIMO,soloShowdown,RockwallBrawl,high,27,9,3,46,460,fixture-synthetic-v1
2026-09-16T00:00:00Z,2026-09-07T00:00:00Z,2026-09-14T00:00:00Z,PIPER,soloShowdown,RockwallBrawl,high,21,10,1,46,460,fixture-synthetic-v1
2026-09-16T00:00:00Z,2026-09-07T00:00:00Z,2026-09-14T00:00:00Z,SPIKE,gemGrab,NewRotationMap,mid,5898,2991,224,17423,104538,fixture-synthetic-v1
2026-09-16T00:00:00Z,2026-09-07T00:00:00Z,2026-09-14T00:00:00Z,CROW,gemGrab,NewRotationMap,mid,4916,2457,172,17423,104538,fixture-synthetic-v1
2026-09-16T00:00:00Z,2026-09-07T00:00:00Z,2026-09-14T00:00:00Z,ELPRIMO,gemGrab,NewRotationMap,mid,6302,3012,204,17423,104538,fixture-synthetic-v1
2026-09-16T00:00:00Z,2026-09-07T00:00:00Z,2026-09-14T00:00:00Z,PIPER,gemGrab,NewRotationMap,mid,4240,2150,131,17423,104538,fixture-synthetic-v1
2026-09-23T00:00:00Z,2026-09-14T00:00:00Z,2026-09-21T00:00:00Z,SPIKE,brawlBall,BackyardBowl,low,1594,732,59,4350,26100,fixture-synthetic-v1
2026-09-23T00:00:00Z,2026-09-14T00:00:00Z,2026-09-21T00:00:00Z,CROW,brawlBall,BackyardBowl,low,1225,561,66,4350,26100,fixture-synthetic-v1
2026-09-23T00:00:00Z,2026-09-14T00:00:00Z,2026-09-21T00:00:00Z,ELPRIMO,brawlBall,BackyardBowl,low,1384,742,61,4350,26100,fixture-synthetic-v1
2026-09-23T00:00:00Z,2026-09-14T00:00:00Z,2026-09-21T00:00:00Z,PIPER,brawlBall,BackyardBowl,low,1169,549,51,4350,26100,fixture-synthetic-v1
2026-09-23T00:00:00Z,2026-09-14T00:00:00Z,2026-09-21T00:00:00Z,SPIKE,brawlBall,BackyardBowl,mid,3338,1583,158,8161,48966,fixture-synthetic-v1
2026-09-23T00:00:00Z,2026-09-14T00:00:00Z,2026-09-21T00:00:00Z,CROW,brawlBall,BackyardBowl,mid,2075,950,104,8161,48966,fixture-synthetic-v1
2026-09-23T00:00:00Z,2026-09-14T00:00:00Z,2026-09-21T00:00:00Z,ELPRIMO,brawlBall,BackyardBowl,mid,2896,1490,119,8161,48966,fixture-synthetic-v1
2026-09-23T00:00:00Z,2026-09-14T00:00:00Z,2026-09-21T00:00:00Z,PIPER,brawlBall,BackyardBowl,mid,2201,998,91,8161,48966,fixture-synthetic-v1
2026-09-23T00:00:00Z,2026-09-14T00:00:00Z,2026-09-21T00:00:00Z,SPIKE,brawlBall,BackyardBowl,high,589,307,30,1520,9120,fixture-synthetic-v1
2026-09-23T00:00:00Z,2026-09-14T00:00:00Z,2026-09-21T00:00:00Z,CROW,brawlBall,BackyardBowl,high,393,178,20,1520,9120,fixture-synthetic-v1
2026-09-23T00:00:00Z,2026-09-14T00:00:00Z,2026-09-21T00:00:00Z,ELPRIMO,brawlBall,BackyardBowl,high,512,276,23,1520,9120,fixture-synthetic-v1
2026-09-23T00:00:00Z,2026-09-14T00:00:00Z,2026-09-21T00:00:00Z,PIPER,brawlBall,BackyardBowl,high,424,189,19,1520,9120,fixture-synthetic-v1
2026-09-23T00:00:00Z,2026-09-14T00:00:00Z,2026-09-21T00:00:00Z,SPIKE,brawlBall,PinholePunt,low,1400,662,65,4304,25824,fixture-synthetic-v1
2026-09-23T00:00:00Z,2026-09-14T00:00:00Z,2026-09-21T00:00:00Z,CROW,brawlBall,PinholePunt,low,1122,516,48,4304,25824,fixture-synthetic-v1
2026-09-23T00:00:00Z,2026-09-14T00:00:00Z,2026-09-21T00:00:00Z,ELPRIMO,brawlBall,PinholePunt,low,1404,825,55,4304,25824,fixture-synthetic-v1
2026-09-23T00:00:00Z,2026-09-14T00:00:00Z,2026-09-21T00:00:00Z,PIPER,brawlBall,PinholePunt,low,1170,574,52,4304,25824,fixture-synthetic-v1
2026-09-23T00:00:00Z,2026-09-14T00:00:00Z,2026-09-21T00:00:00Z,SPIKE,brawlBall,PinholePunt,mid,2760,1385,121,8068,48408,fixture-synthetic-v1
2026-09-23T00:00:00Z,2026-09-14T00:00:00Z,2026-09-21T00:00:00Z,CROW,brawlBall,PinholePunt,mid,2426,1143,127,8068,48408,fixture-synthetic-v1
2026-09-23T00:00:00Z,2026-09-14T00:00:00Z,2026-09-21T00:00:00Z,ELPRIMO,brawlBall,PinholePunt,mid,2445,1321,107,8068,48408,fixture-synthetic-v1
2026-09-23T00:00:00Z,2026-09-14T00:00:00Z,2026-09-21T00:00:00Z,PIPER,brawlBall,PinholePunt,mid,2286,1107,117,8068,48408,fixture-synthetic-v1
2026-09-23T00:00:00Z,2026-09-14T00:00:00Z,2026-09-21T00:00:00Z,SPIKE,brawlBall,PinholePunt,high,488,264,17,1376,8256,fixture-synthetic-v1
2026-09-23T00:00:00Z,2026-09-14T00:00:00Z,2026-09-21T00:00:00Z,CROW,brawlBall,PinholePunt,high,388,200,19,1376,8256,fixture-synthetic-v1
2026-09-23T00:00:00Z,2026-09-14T00:00:00Z,2026-09-21T00:00:00Z,ELPRIMO,brawlBall,PinholePunt,high,427,214,19,1376,8256,fixture-synthetic-v1
2026-09-23T00:00:00Z,2026-09-14T00:00:00Z,2026-09-21T00:00:00Z,PIPER,brawlBall,PinholePunt,high,396,204,21,1376,8256,fixture-synthetic-v1
2026-09-23T00:00:00Z,2026-09-14T00:00:00Z,2026-09-21T00:00:00Z,SPIKE,brawlBall,SneakySneak,low,2223,1009,112,5727,34362,fixture-synthetic-v1
2026-09-23T00:00:00Z,2026-09-14T00:00:00Z,2026-09-21T00:00:00Z,CROW,brawlBall,SneakySneak,low,1505,666,70,5727,34362,fixture-synthetic-v1
2026-09-23T00:00:00Z,2026-09-14T00:00:00Z,2026-09-21T00:00:00Z,ELPRIMO,brawlBall,SneakySneak,low,2099,1094,85,5727,34362,fixture-synthetic-v1
2026-09-23T00:00:00Z,2026-09-14T00:00:00Z,2026-09-21T00:00:00Z,PIPER,brawlBall,SneakySneak,low,1387,628,50,5727,34362,fixture-synthetic-v1
2026-09-23T00:00:00Z,2026-09-14T00:00:00Z,2026-09-21T00:00:00Z,SPIKE,brawlBall,SneakySneak,mid,3369,1611,147,10379,62274,fixture-synthetic-v1
2026-09-23T00:00:00Z,2026-09-14T00:00:00Z,2026-09-21T00:00:00Z,CROW,brawlBall,SneakySneak,mid,3217,1488,157,10379,62274,fixture-synthetic-v1
2026-09-23T00:00:00Z,2026-09-14T00:00:00Z,2026-09-21T00:00:00Z,ELPRIMO,brawlBall,SneakySneak,mid,3729,1940,179,10379,62274,fixture-synthetic-v1
2026-09-23T00:00:00Z,2026-09-14T00:00:00Z,2026-09-21T00:00:00Z,PIPER,brawlBall,SneakySneak,mid,2658,1233,134,10379,62274,fixture-synthetic-v1
2026-09-23T00:00:00Z,2026-09-14T00:00:00Z,2026-09-21T00:00:00Z,SPIKE,brawlBall,SneakySneak,high,546,275,19,1455,8730,fixture-synthetic-v1
2026-09-23T00:00:00Z,2026-09-14T00:00:00Z,2026-09-21T00:00:00Z,CROW,brawlBall,SneakySneak,high,450,218,18,1455,8730,fixture-synthetic-v1
2026-09-23T00:00:00Z,2026-09-14T00:00:00Z,2026-09-21T00:00:00Z,ELPRIMO,brawlBall,SneakySneak,high,438,225,19,1455,8730,fixture-synthetic-v1
2026-09-23T00:00:00Z,2026-09-14T00:00:00Z,2026-09-21T00:00:00Z,PIPER,brawlBall,SneakySneak,high,333,160,13,1455,8730,fixture-synthetic-v1
2026-09-23T00:00:00Z,2026-09-14T00:00:00Z,2026-09-21T00:00:00Z,SPIKE,gemGrab,HardRockMine,low,1721,842,62,4294,25764,fixture-synthetic-v1
2026-09-23T00:00:00Z,2026-09-14T00:00:00Z,2026-09-21T00:00:00Z,CROW,gemGrab,HardRockMine,low,1113,529,42,4294,25764,fixture-synthetic-v1
2026-09-23T00:00:00Z,2026-09-14T00:00:00Z,2026-09-21T00:00:00Z,ELPRIMO,gemGrab,HardRockMine,low,1373,680,63,4294,25764,fixture-synthetic-v1
2026-09-23T00:00:00Z,2026-09-14T00:00:00Z,2026-09-21T00:00:00Z,PIPER,gemGrab,HardRockMine,low,1085,531,31,4294,25764,fixture-synthetic-v1
2026-09-23T00:00:00Z,2026-09-14T00:00:00Z,2026-09-21T00:00:00Z,SPIKE,gemGrab,HardRockMine,mid,2502,1299,86,7672,46032,fixture-synthetic-v1
2026-09-23T00:00:00Z,2026-09-14T00:00:00Z,2026-09-21T00:00:00Z,CROW,gemGrab,HardRockMine,mid,2117,1049,81,7672,46032,fixture-synthetic-v1
2026-09-23T00:00:00Z,2026-09-14T00:00:00Z,2026-09-21T00:00:00Z,ELPRIMO,gemGrab,HardRockMine,mid,2805,1359,99,7672,46032,fixture-synthetic-v1
2026-09-23T00:00:00Z,2026-09-14T00:00:00Z,2026-09-21T00:00:00Z,PIPER,gemGrab,HardRockMine,mid,2135,1106,87,7672,46032,fixture-synthetic-v1
2026-09-23T00:00:00Z,2026-09-14T00:00:00Z,2026-09-21T00:00:00Z,SPIKE,gemGrab,HardRockMine,high,595,319,27,1530,9180,fixture-synthetic-v1
2026-09-23T00:00:00Z,2026-09-14T00:00:00Z,2026-09-21T00:00:00Z,CROW,gemGrab,HardRockMine,high,472,242,24,1530,9180,fixture-synthetic-v1
2026-09-23T00:00:00Z,2026-09-14T00:00:00Z,2026-09-21T00:00:00Z,ELPRIMO,gemGrab,HardRockMine,high,483,226,16,1530,9180,fixture-synthetic-v1
2026-09-23T00:00:00Z,2026-09-14T00:00:00Z,2026-09-21T00:00:00Z,PIPER,gemGrab,HardRockMine,high,413,217,6,1530,9180,fixture-synthetic-v1
2026-09-23T00:00:00Z,2026-09-14T00:00:00Z,2026-09-21T00:00:00Z,SPIKE,gemGrab,DoubleSwoosh,low,1930,915,60,5301,31806,fixture-synthetic-v1
2026-09-23T00:00:00Z,2026-09-14T00:00:00Z,2026-09-21T00:00:00Z,CROW,gemGrab,DoubleSwoosh,low,1601,768,48,5301,31806,fixture-synthetic-v1
2026-09-23T00:00:00Z,2026-09-14T00:00:00Z,2026-09-21T00:00:00Z,ELPRIMO,gemGrab,DoubleSwoosh,low,1829,914,64,5301,31806,fixture-synthetic-v1
2026-09-23T00:00:00Z,2026-09-14T00:00:00Z,2026-09-21T00:00:00Z,PIPER,gemGrab,DoubleSwoosh,low,1395,686,49,5301,31806,fixture-synthetic-v1
2026-09-23T00:00:00Z,2026-09-14T00:00:00Z,2026-09-21T00:00:00Z,SPIKE,gemGrab,DoubleSwoosh,mid,3802,1975,138,10258,61548,fixture-synthetic-v1
2026-09-23T00:00:00Z,2026-09-14T00:00:00Z,2026-09-21T00:00:00Z,CROW,gemGrab,DoubleSwoosh,mid,3202,1527,129,10258,61548,fixture-synthetic-v1
2026-09-23T00:00:00Z,2026-09-14T00:00:00Z,2026-09-21T00:00:00Z,ELPRIMO,gemGrab,DoubleSwoosh,mid,3514,1636,124,10258,61548,fixture-synthetic-v1
2026-09-23T00:00:00Z,2026-09-14T00:00:00Z,2026-09-21T00:00:00Z,PIPER,gemGrab,DoubleSwoosh,mid,2437,1232,88,10258,61548,fixture-synthetic-v1
2026-09-23T00:00:00Z,2026-09-14T00:00:00Z,2026-09-21T00:00:00Z,SPIKE,gemGrab,DoubleSwoosh,high,498,249,20,1404,8424,fixture-synthetic-v1
2026-09-23T00:00:00Z,2026-09-14T00:00:00Z,2026-09-21T00:00:00Z,CROW,gemGrab,DoubleSwoosh,high,364,189,10,1404,8424,fixture-synthetic-v1
2026-09-23T00:00:00Z,2026-09-14T00:00:00Z,2026-09-21T00:00:00Z,ELPRIMO,gemGrab,DoubleSwoosh,high,421,197,20,1404,8424,fixture-synthetic-v1
2026-09-23T00:00:00Z,2026-09-14T00:00:00Z,2026-09-21T00:00:00Z,PIPER,gemGrab,DoubleSwoosh,high,386,187,8,1404,8424,fixture-synthetic-v1
2026-09-23T00:00:00Z,2026-09-14T00:00:00Z,2026-09-21T00:00:00Z,SPIKE,gemGrab,UndermineGG,low,2022,1010,67,5015,30090,fixture-synthetic-v1
2026-09-23T00:00:00Z,2026-09-14T00:00:00Z,2026-09-21T00:00:00Z,CROW,gemGrab,UndermineGG,low,1345,625,44,5015,30090,fixture-synthetic-v1
2026-09-23T00:00:00Z,2026-09-14T00:00:00Z,2026-09-21T00:00:00Z,ELPRIMO,gemGrab,UndermineGG,low,1745,880,62,5015,30090,fixture-synthetic-v1
2026-09-23T00:00:00Z,2026-09-14T00:00:00Z,2026-09-21T00:00:00Z,PIPER,gemGrab,UndermineGG,low,1211,641,42,5015,30090,fixture-synthetic-v1
2026-09-23T00:00:00Z,2026-09-14T00:00:00Z,2026-09-21T00:00:00Z,SPIKE,gemGrab,UndermineGG,mid,3169,1624,101,8009,48054,fixture-synthetic-v1
2026-09-23T00:00:00Z,2026-09-14T00:00:00Z,2026-09-21T00:00:00Z,CROW,gemGrab,UndermineGG,mid,2375,1182,91,8009,48054,fixture-synthetic-v1
2026-09-23T00:00:00Z,2026-09-14T00:00:00Z,2026-09-21T00:00:00Z,ELPRIMO,gemGrab,UndermineGG,mid,2460,1186,99,8009,48054,fixture-synthetic-v1
2026-09-23T00:00:00Z,2026-09-14T00:00:00Z,2026-09-21T00:00:00Z,PIPER,gemGrab,UndermineGG,mid,2019,1011,82,8009,48054,fixture-synthetic-v1
2026-09-23T00:00:00Z,2026-09-14T00:00:00Z,2026-09-21T00:00:00Z,SPIKE,gemGrab,UndermineGG,high,511,300,15,1463,8778,fixture-synthetic-v1
2026-09-23T00:00:00Z,2026-09-14T00:00:00Z,2026-09-21T00:00:00Z,CROW,gemGrab,UndermineGG,high,438,242,13,1463,8778,fixture-synthetic-v1
2026-09-23T00:00:00Z,2026-09-14T00:00:00Z,2026-09-21T00:00:00Z,ELPRIMO,gemGrab,UndermineGG,high,493,236,14,1463,8778,fixture-synthetic-v1
2026-09-23T00:00:00Z,2026-09-14T00:00:00Z,2026-09-21T00:00:00Z,PIPER,gemGrab,UndermineGG,high,359,191,13,1463,8778,fixture-synthetic-v1
2026-09-23T00:00:00Z,2026-09-14T00:00:00Z,2026-09-21T00:00:00Z,SPIKE,soloShowdown,SkullCreek,low,3189,1166,321,5713,57130,fixture-synthetic-v1
2026-09-23T00:00:00Z,2026-09-14T00:00:00Z,2026-09-21T00:00:00Z,CROW,soloShowdown,SkullCreek,low,2426,954,269,5713,57130,fixture-synthetic-v1
2026-09-23T00:00:00Z,2026-09-14T00:00:00Z,2026-09-21T00:00:00Z,ELPRIMO,soloShowdown,SkullCreek,low,3161,1158,299,5713,57130,fixture-synthetic-v1
2026-09-23T00:00:00Z,2026-09-14T00:00:00Z,2026-09-21T00:00:00Z,PIPER,soloShowdown,SkullCreek,low,2209,825,209,5713,57130,fixture-synthetic-v1
2026-09-23T00:00:00Z,2026-09-14T00:00:00Z,2026-09-21T00:00:00Z,SPIKE,soloShowdown,SkullCreek,mid,6422,2387,662,10014,100140,fixture-synthetic-v1
2026-09-23T00:00:00Z,2026-09-14T00:00:00Z,2026-09-21T00:00:00Z,CROW,soloShowdown,SkullCreek,mid,4624,1816,483,10014,100140,fixture-synthetic-v1
2026-09-23T00:00:00Z,2026-09-14T00:00:00Z,2026-09-21T00:00:00Z,ELPRIMO,soloShowdown,SkullCreek,mid,6156,2097,674,10014,100140,fixture-synthetic-v1
2026-09-23T00:00:00Z,2026-09-14T00:00:00Z,2026-09-21T00:00:00Z,PIPER,soloShowdown,SkullCreek,mid,4530,1700,431,10014,100140,fixture-synthetic-v1
2026-09-23T00:00:00Z,2026-09-14T00:00:00Z,2026-09-21T00:00:00Z,SPIKE,soloShowdown,SkullCreek,high,847,341,74,1526,15260,fixture-synthetic-v1
2026-09-23T00:00:00Z,2026-09-14T00:00:00Z,2026-09-21T00:00:00Z,CROW,soloShowdown,SkullCreek,high,798,336,76,1526,15260,fixture-synthetic-v1
2026-09-23T00:00:00Z,2026-09-14T00:00:00Z,2026-09-21T00:00:00Z,ELPRIMO,soloShowdown,SkullCreek,high,749,251,59,1526,15260,fixture-synthetic-v1
2026-09-23T00:00:00Z,2026-09-14T00:00:00Z,2026-09-21T00:00:00Z,PIPER,soloShowdown,SkullCreek,high,710,260,64,1526,15260,fixture-synthetic-v1
2026-09-23T00:00:00Z,2026-09-14T00:00:00Z,2026-09-21T00:00:00Z,SPIKE,soloShowdown,FeastOrFamine,low,3458,1146,324,5858,58580,fixture-synthetic-v1
2026-09-23T00:00:00Z,2026-09-14T00:00:00Z,2026-09-21T00:00:00Z,CROW,soloShowdown,FeastOrFamine,low,2601,961,274,5858,58580,fixture-synthetic-v1
2026-09-23T00:00:00Z,2026-09-14T00:00:00Z,2026-09-21T00:00:00Z,ELPRIMO,soloShowdown,FeastOrFamine,low,3383,1128,329,5858,58580,fixture-synthetic-v1
2026-09-23T00:00:00Z,2026-09-14T00:00:00Z,2026-09-21T00:00:00Z,PIPER,soloShowdown,FeastOrFamine,low,2350,801,227,5858,58580,fixture-synthetic-v1
2026-09-23T00:00:00Z,2026-09-14T00:00:00Z,2026-09-21T00:00:00Z,SPIKE,soloShowdown,FeastOrFamine,mid,6128,2158,614,9499,94990,fixture-synthetic-v1
2026-09-23T00:00:00Z,2026-09-14T00:00:00Z,2026-09-21T00:00:00Z,CROW,soloShowdown,FeastOrFamine,mid,4089,1521,436,9499,94990,fixture-synthetic-v1
2026-09-23T00:00:00Z,2026-09-14T00:00:00Z,2026-09-21T00:00:00Z,ELPRIMO,soloShowdown,FeastOrFamine,mid,5083,1737,484,9499,94990,fixture-synthetic-v1
2026-09-23T00:00:00Z,2026-09-14T00:00:00Z,2026-09-21T00:00:00Z,PIPER,soloShowdown,FeastOrFamine,mid,4538,1577,444,9499,94990,fixture-synthetic-v1
2026-09-23T00:00:00Z,2026-09-14T00:00:00Z,2026-09-21T00:00:00Z,SPIKE,soloShowdown,FeastOrFamine,high,687,282,64,1191,11910,fixture-synthetic-v1
2026-09-23T00:00:00Z,2026-09-14T00:00:00Z,2026-09-21T00:00:00Z,CROW,soloShowdown,FeastOrFamine,high,577,200,54,1191,11910,fixture-synthetic-v1
2026-09-23T00:00:00Z,2026-09-14T00:00:00Z,2026-09-21T00:00:00Z,ELPRIMO,soloShowdown,FeastOrFamine,high,582,180,52,1191,11910,fixture-synthetic-v1
2026-09-23T00:00:00Z,2026-09-14T00:00:00Z,2026-09-21T00:00:00Z,PIPER,soloShowdown,FeastOrFamine,high,518,202,46,1191,11910,fixture-synthetic-v1
2026-09-23T00:00:00Z,2026-09-14T00:00:00Z,2026-09-21T00:00:00Z,SPIKE,soloShowdown,RockwallBrawl,low,3892,1448,393,5881,58810,fixture-synthetic-v1
2026-09-23T00:00:00Z,2026-09-14T00:00:00Z,2026-09-21T00:00:00Z,CROW,soloShowdown,RockwallBrawl,low,2821,1123,256,5881,58810,fixture-synthetic-v1
2026-09-23T00:00:00Z,2026-09-14T00:00:00Z,2026-09-21T00:00:00Z,ELPRIMO,soloShowdown,RockwallBrawl,low,2937,1056,301,5881,58810,fixture-synthetic-v1
2026-09-23T00:00:00Z,2026-09-14T00:00:00Z,2026-09-21T00:00:00Z,PIPER,soloShowdown,RockwallBrawl,low,2660,957,264,5881,58810,fixture-synthetic-v1
2026-09-23T00:00:00Z,2026-09-14T00:00:00Z,2026-09-21T00:00:00Z,SPIKE,soloShowdown,RockwallBrawl,mid,4522,1658,431,7769,77690,fixture-synthetic-v1
2026-09-23T00:00:00Z,2026-09-14T00:00:00Z,2026-09-21T00:00:00Z,CROW,soloShowdown,RockwallBrawl,mid,3837,1512,366,7769,77690,fixture-synthetic-v1
2026-09-23T00:00:00Z,2026-09-14T00:00:00Z,2026-09-21T00:00:00Z,ELPRIMO,soloShowdown,RockwallBrawl,mid,4200,1436,397,7769,77690,fixture-synthetic-v1
2026-09-23T00:00:00Z,2026-09-14T00:00:00Z,2026-09-21T00:00:00Z,PIPER,soloShowdown,RockwallBrawl,mid,3061,1096,311,7769,77690,fixture-synthetic-v1
2026-09-23T00:00:00Z,2026-09-14T00:00:00Z,2026-09-21T00:00:00Z,SPIKE,soloShowdown,RockwallBrawl,high,43,19,6,68,680,fixture-synthetic-v1
2026-09-23T00:00:00Z,2026-09-14T00:00:00Z,2026-09-21T00:00:00Z,CROW,soloShowdown,RockwallBrawl,high,29,10,2,68,680,fixture-synthetic-v1
2026-09-23T00:00:00Z,2026-09-14T00:00:00Z,2026-09-21T00:00:00Z,ELPRIMO,soloShowdown,RockwallBrawl,high,38,11,2,68,680,fixture-synthetic-v1
2026-09-23T00:00:00Z,2026-09-14T00:00:00Z,2026-09-21T00:00:00Z,PIPER,soloShowdown,RockwallBrawl,high,30,11,5,68,680,fixture-synthetic-v1
2026-09-23T00:00:00Z,2026-09-14T00:00:00Z,2026-09-21T00:00:00Z,SPIKE,gemGrab,NewRotationMap,mid,5847,2984,210,16285,97710,fixture-synthetic-v1
2026-09-23T00:00:00Z,2026-09-14T00:00:00Z,2026-09-21T00:00:00Z,CROW,gemGrab,NewRotationMap,mid,5230,2618,163,16285,97710,fixture-synthetic-v1
2026-09-23T00:00:00Z,2026-09-14T00:00:00Z,2026-09-21T00:00:00Z,ELPRIMO,gemGrab,NewRotationMap,mid,5330,2549,164,16285,97710,fixture-synthetic-v1
2026-09-23T00:00:00Z,2026-09-14T00:00:00Z,2026-09-21T00:00:00Z,PIPER,gemGrab,NewRotationMap,mid,4149,2060,138,16285,97710,fixture-synthetic-v1
2026-09-30T00:00:00Z,2026-09-21T00:00:00Z,2026-09-28T00:00:00Z,SPIKE,brawlBall,BackyardBowl,low,2228,1006,113,5929,35574,fixture-synthetic-v1
2026-09-30T00:00:00Z,2026-09-21T00:00:00Z,2026-09-28T00:00:00Z,CROW,brawlBall,BackyardBowl,low,1863,819,79,5929,35574,fixture-synthetic-v1
2026-09-30T00:00:00Z,2026-09-21T00:00:00Z,2026-09-28T00:00:00Z,ELPRIMO,brawlBall,BackyardBowl,low,1951,1057,78,5929,35574,fixture-synthetic-v1
2026-09-30T00:00:00Z,2026-09-21T00:00:00Z,2026-09-28T00:00:00Z,PIPER,brawlBall,BackyardBowl,low,1588,762,66,5929,35574,fixture-synthetic-v1
2026-09-30T00:00:00Z,2026-09-21T00:00:00Z,2026-09-28T00:00:00Z,SPIKE,brawlBall,BackyardBowl,mid,3363,1647,142,9395,56370,fixture-synthetic-v1
2026-09-30T00:00:00Z,2026-09-21T00:00:00Z,2026-09-28T00:00:00Z,CROW,brawlBall,BackyardBowl,mid,2941,1354,125,9395,56370,fixture-synthetic-v1
2026-09-30T00:00:00Z,2026-09-21T00:00:00Z,2026-09-28T00:00:00Z,ELPRIMO,brawlBall,BackyardBowl,mid,3187,1622,157,9395,56370,fixture-synthetic-v1
2026-09-30T00:00:00Z,2026-09-21T00:00:00Z,2026-09-28T00:00:00Z,PIPER,brawlBall,BackyardBowl,mid,2471,1130,132,9395,56370,fixture-synthetic-v1
2026-09-30T00:00:00Z,2026-09-21T00:00:00Z,2026-09-28T00:00:00Z,SPIKE,brawlBall,BackyardBowl,high,652,338,26,1597,9582,fixture-synthetic-v1
2026-09-30T00:00:00Z,2026-09-21T00:00:00Z,2026-09-28T00:00:00Z,CROW,brawlBall,BackyardBowl,high,409,201,20,1597,9582,fixture-synthetic-v1
2026-09-30T00:00:00Z,2026-09-21T00:00:00Z,2026-09-28T00:00:00Z,ELPRIMO,brawlBall,BackyardBowl,high,532,282,27,1597,9582,fixture-synthetic-v1
2026-09-30T00:00:00Z,2026-09-21T00:00:00Z,2026-09-28T00:00:00Z,PIPER,brawlBall,BackyardBowl,high,433,213,18,1597,9582,fixture-synthetic-v1
2026-09-30T00:00:00Z,2026-09-21T00:00:00Z,2026-09-28T00:00:00Z,SPIKE,brawlBall,PinholePunt,low,2306,1125,99,6057,36342,fixture-synthetic-v1
2026-09-30T00:00:00Z,2026-09-21T00:00:00Z,2026-09-28T00:00:00Z,CROW,brawlBall,PinholePunt,low,1664,803,88,6057,36342,fixture-synthetic-v1
2026-09-30T00:00:00Z,2026-09-21T00:00:00Z,2026-09-28T00:00:00Z,ELPRIMO,brawlBall,PinholePunt,low,2213,1223,96,6057,36342,fixture-synthetic-v1
2026-09-30T00:00:00Z,2026-09-21T00:00:00Z,2026-09-28T00:00:00Z,PIPER,brawlBall,PinholePunt,low,1435,730,69,6057,36342,fixture-synthetic-v1
2026-09-30T00:00:00Z,2026-09-21T00:00:00Z,2026-09-28T00:00:00Z,SPIKE,brawlBall,PinholePunt,mid,3634,1805,168,9577,57462,fixture-synthetic-v1
2026-09-30T00:00:00Z,2026-09-21T00:00:00Z,2026-09-28T00:00:00Z,CROW,brawlBall,PinholePunt,mid,2609,1235,125,9577,57462,fixture-synthetic-v1
2026-09-30T00:00:00Z,2026-09-21T00:00:00Z,2026-09-28T00:00:00Z,ELPRIMO,brawlBall,PinholePunt,mid,2854,1538,115,9577,57462,fixture-synthetic-v1
2026-09-30T00:00:00Z,2026-09-21T00:00:00Z,2026-09-28T00:00:00Z,PIPER,brawlBall,PinholePunt,mid,2514,1230,122,9577,57462,fixture-synthetic-v1
2026-09-30T00:00:00Z,2026-09-21T00:00:00Z,2026-09-28T00:00:00Z,SPIKE,brawlBall,PinholePunt,high,531,285,16,1500,9000,fixture-synthetic-v1
2026-09-30T00:00:00Z,2026-09-21T00:00:00Z,2026-09-28T00:00:00Z,CROW,brawlBall,PinholePunt,high,384,192,19,1500,9000,fixture-synthetic-v1
2026-09-30T00:00:00Z,2026-09-21T00:00:00Z,2026-09-28T00:00:00Z,ELPRIMO,brawlBall,PinholePunt,high,450,226,23,1500,9000,fixture-synthetic-v1
2026-09-30T00:00:00Z,2026-09-21T00:00:00Z,2026-09-28T00:00:00Z,PIPER,brawlBall,PinholePunt,high,348,179,15,1500,9000,fixture-synthetic-v1
2026-09-30T00:00:00Z,2026-09-21T00:00:00Z,2026-09-28T00:00:00Z,SPIKE,brawlBall,SneakySneak,low,1761,809,67,4751,28506,fixture-synthetic-v1
2026-09-30T00:00:00Z,2026-09-21T00:00:00Z,2026-09-28T00:00:00Z,CROW,brawlBall,SneakySneak,low,1255,544,52,4751,28506,fixture-synthetic-v1
2026-09-30T00:00:00Z,2026-09-21T00:00:00Z,2026-09-28T00:00:00Z,ELPRIMO,brawlBall,SneakySneak,low,1677,849,70,4751,28506,fixture-synthetic-v1
2026-09-30T00:00:00Z,2026-09-21T00:00:00Z,2026-09-28T00:00:00Z,PIPER,brawlBall,SneakySneak,low,1230,621,48,4751,28506,fixture-synthetic-v1
2026-09-30T00:00:00Z,2026-09-21T00:00:00Z,2026-09-28T00:00:00Z,SPIKE,brawlBall,SneakySneak,mid,3449,1667,145,8610,51660,fixture-synthetic-v1
2026-09-30T00:00:00Z,2026-09-21T00:00:00Z,2026-09-28T00:00:00Z,CROW,brawlBall,SneakySneak,mid,2236,1014,117,8610,51660,fixture-synthetic-v1
2026-09-30T00:00:00Z,2026-09-21T00:00:00Z,2026-09-28T00:00:00Z,ELPRIMO,brawlBall,SneakySneak,mid,3059,1541,136,8610,51660,fixture-synthetic-v1
2026-09-30T00:00:00Z,2026-09-21T00:00:00Z,2026-09-28T00:00:00Z,PIPER,brawlBall,SneakySneak,mid,2231,1073,113,8610,51660,fixture-synthetic-v1
2026-09-30T00:00:00Z,2026-09-21T00:00:00Z,2026-09-28T00:00:00Z,SPIKE,brawlBall,SneakySneak,high,398,202,14,1192,7152,fixture-synthetic-v1
2026-09-30T00:00:00Z,2026-09-21T00:00:00Z,2026-09-28T00:00:00Z,CROW,brawlBall,SneakySneak,high,345,156,12,1192,7152,fixture-synthetic-v1
2026-09-30T00:00:00Z,2026-09-21T00:00:00Z,2026-09-28T00:00:00Z,ELPRIMO,brawlBall,SneakySneak,high,408,217,12,1192,7152,fixture-synthetic-v1
2026-09-30T00:00:00Z,2026-09-21T00:00:00Z,2026-09-28T00:00:00Z,PIPER,brawlBall,SneakySneak,high,293,152,12,1192,7152,fixture-synthetic-v1
2026-09-30T00:00:00Z,2026-09-21T00:00:00Z,2026-09-28T00:00:00Z,SPIKE,gemGrab,HardRockMine,low,1921,961,76,5357,32142,fixture-synthetic-v1
2026-09-30T00:00:00Z,2026-09-21T00:00:00Z,2026-09-28T00:00:00Z,CROW,gemGrab,HardRockMine,low,1505,685,76,5357,32142,fixture-synthetic-v1
2026-09-30T00:00:00Z,2026-09-21T00:00:00Z,2026-09-28T00:00:00Z,ELPRIMO,gemGrab,HardRockMine,low,1806,881,62,5357,32142,fixture-synthetic-v1
2026-09-30T00:00:00Z,2026-09-21T00:00:00Z,2026-09-28T00:00:00Z,PIPER,gemGrab,HardRockMine,low,1398,740,48,5357,32142,fixture-synthetic-v1
2026-09-30T00:00:00Z,2026-09-21T00:00:00Z,2026-09-28T00:00:00Z,SPIKE,gemGrab,HardRockMine,mid,2693,1360,122,8144,48864,fixture-synthetic-v1
2026-09-30T00:00:00Z,2026-09-21T00:00:00Z,2026-09-28T00:00:00Z,CROW,gemGrab,HardRockMine,mid,2502,1280,83,8144,48864,fixture-synthetic-v1
2026-09-30T00:00:00Z,2026-09-21T00:00:00Z,2026-09-28T00:00:00Z,ELPRIMO,gemGrab,HardRockMine,mid,2811,1367,101,8144,48864,fixture-synthetic-v1
2026-09-30T00:00:00Z,2026-09-21T00:00:00Z,2026-09-28T00:00:00Z,PIPER,gemGrab,HardRockMine,mid,2280,1223,77,8144,48864,fixture-synthetic-v1
2026-09-30T00:00:00Z,2026-09-21T00:00:00Z,2026-09-28T00:00:00Z,SPIKE,gemGrab,HardRockMine,high,506,254,11,1570,9420,fixture-synthetic-v1
2026-09-30T00:00:00Z,2026-09-21T00:00:00Z,2026-09-28T00:00:00Z,CROW,gemGrab,HardRockMine,high,407,217,20,1570,9420,fixture-synthetic-v1
2026-09-30T00:00:00Z,2026-09-21T00:00:00Z,2026-09-28T00:00:00Z,ELPRIMO,gemGrab,HardRockMine,high,537,266,15,1570,9420,fixture-synthetic-v1
2026-09-30T00:00:00Z,2026-09-21T00:00:00Z,2026-09-28T00:00:00Z,PIPER,gemGrab,HardRockMine,high,447,200,20,1570,9420,fixture-synthetic-v1
2026-09-30T00:00:00Z,2026-09-21T00:00:00Z,2026-09-28T00:00:00Z,SPIKE,gemGrab,DoubleSwoosh,low,1825,856,56,4744,28464,fixture-synthetic-v1
2026-09-30T00:00:00Z,2026-09-21T00:00:00Z,2026-09-28T00:00:00Z,CROW,gemGrab,DoubleSwoosh,low,1503,699,61,4744,28464,fixture-synthetic-v1
2026-09-30T00:00:00Z,2026-09-21T00:00:00Z,2026-09-28T00:00:00Z,ELPRIMO,gemGrab,DoubleSwoosh,low,1660,790,50,4744,28464,fixture-synthetic-v1
2026-09-30T00:00:00Z,2026-09-21T00:00:00Z,2026-09-28T00:00:00Z,PIPER,gemGrab,DoubleSwoosh,low,1154,593,53,4744,28464,fixture-synthetic-v1
2026-09-30T00:00:00Z,2026-09-21T00:00:00Z,2026-09-28T00:00:00Z,SPIKE,gemGrab,DoubleSwoosh,mid,2896,1518,102,8935,53610,fixture-synthetic-v1
2026-09-30T00:00:00Z,2026-09-21T00:00:00Z,2026-09-28T00:00:00Z,CROW,gemGrab,DoubleSwoosh,mid,2374,1161,81,8935,53610,fixture-synthetic-v1
2026-09-30T00:00:00Z,2026-09-21T00:00:00Z,2026-09-28T00:00:00Z,ELPRIMO,gemGrab,DoubleSwoosh,mid,3258,1593,108,8935,53610,fixture-synthetic-v1
2026-09-30T00:00:00Z,2026-09-21T00:00:00Z,2026-09-28T00:00:00Z,PIPER,gemGrab,DoubleSwoosh,mid,2232,1118,70,8935,53610,fixture-synthetic-v1
2026-09-30T00:00:00Z,2026-09-21T00:00:00Z,2026-09-28T00:00:00Z,SPIKE,gemGrab,DoubleSwoosh,high,466,249,8,1199,7194,fixture-synthetic-v1
2026-09-30T00:00:00Z,2026-09-21T00:00:00Z,2026-09-28T00:00:00Z,CROW,gemGrab,DoubleSwoosh,high,325,153,16,1199,7194,fixture-synthetic-v1
2026-09-30T00:00:00Z,2026-09-21T00:00:00Z,2026-09-28T00:00:00Z,ELPRIMO,gemGrab,DoubleSwoosh,high,442,203,19,1199,7194,fixture-synthetic-v1
2026-09-30T00:00:00Z,2026-09-21T00:00:00Z,2026-09-28T00:00:00Z,PIPER,gemGrab,DoubleSwoosh,high,293,154,9,1199,7194,fixture-synthetic-v1
2026-09-30T00:00:00Z,2026-09-21T00:00:00Z,2026-09-28T00:00:00Z,SPIKE,gemGrab,UndermineGG,low,2162,1087,72,5803,34818,fixture-synthetic-v1
2026-09-30T00:00:00Z,2026-09-21T00:00:00Z,2026-09-28T00:00:00Z,CROW,gemGrab,UndermineGG,low,1633,843,44,5803,34818,fixture-synthetic-v1
2026-09-30T00:00:00Z,2026-09-21T00:00:00Z,2026-09-28T00:00:00Z,ELPRIMO,gemGrab,UndermineGG,low,1853,924,62,5803,34818,fixture-synthetic-v1
2026-09-30T00:00:00Z,2026-09-21T00:00:00Z,2026-09-28T00:00:00Z,PIPER,gemGrab,UndermineGG,low,1612,821,62,5803,34818,fixture-synthetic-v1
2026-09-30T00:00:00Z,2026-09-21T00:00:00Z,2026-09-28T00:00:00Z,SPIKE,gemGrab,UndermineGG,mid,3385,1735,122,9178,55068,fixture-synthetic-v1
2026-09-30T00:00:00Z,2026-09-21T00:00:00Z,2026-09-28T00:00:00Z,CROW,gemGrab,UndermineGG,mid,2419,1147,99,9178,55068,fixture-synthetic-v1
2026-09-30T00:00:00Z,2026-09-21T00:00:00Z,2026-09-28T00:00:00Z,ELPRIMO,gemGrab,UndermineGG,mid,3310,1635,112,9178,55068,fixture-synthetic-v1
2026-09-30T00:00:00Z,2026-09-21T00:00:00Z,2026-09-28T00:00:00Z,PIPER,gemGrab,UndermineGG,mid,2450,1203,84,9178,55068,fixture-synthetic-v1
2026-09-30T00:00:00Z,2026-09-21T00:00:00Z,2026-09-28T00:00:00Z,SPIKE,gemGrab,UndermineGG,high,588,295,17,1587,9522,fixture-synthetic-v1
2026-09-30T00:00:00Z,2026-09-21T00:00:00Z,2026-09-28T00:00:00Z,CROW,gemGrab,UndermineGG,high,415,212,20,1587,9522,fixture-synthetic-v1
2026-09-30T00:00:00Z,2026-09-21T00:00:00Z,2026-09-28T00:00:00Z,ELPRIMO,gemGrab,UndermineGG,high,487,213,20,1587,9522,fixture-synthetic-v1
2026-09-30T00:00:00Z,2026-09-21T00:00:00Z,2026-09-28T00:00:00Z,PIPER,gemGrab,UndermineGG,high,405,196,11,1587,9522,fixture-synthetic-v1
2026-09-30T00:00:00Z,2026-09-21T00:00:00Z,2026-09-28T00:00:00Z,SPIKE,soloShowdown,SkullCreek,low,3227,1173,315,4990,49900,fixture-synthetic-v1
2026-09-30T00:00:00Z,2026-09-21T00:00:00Z,2026-09-28T00:00:00Z,CROW,soloShowdown,SkullCreek,low,2358,958,207,4990,49900,fixture-synthetic-v1
2026-09-30T00:00:00Z,2026-09-21T00:00:00Z,2026-09-28T00:00:00Z,ELPRIMO,soloShowdown,SkullCreek,low,2659,987,279,4990,49900,fixture-synthetic-v1
2026-09-30T00:00:00Z,2026-09-21T00:00:00Z,2026-09-28T00:00:00Z,PIPER,soloShowdown,SkullCreek,low,2148,770,226,4990,49900,fixture-synthetic-v1
2026-09-30T00:00:00Z,2026-09-21T00:00:00Z,2026-09-28T00:00:00Z,SPIKE,soloShowdown,SkullCreek,mid,4410,1638,466,7528,75280,fixture-synthetic-v1
2026-09-30T00:00:00Z,2026-09-21T00:00:00Z,2026-09-28T00:00:00Z,CROW,soloShowdown,SkullCreek,mid,3487,1416,352,7528,75280,fixture-synthetic-v1
2026-09-30T00:00:00Z,2026-09-21T00:00:00Z,2026-09-28T00:00:00Z,ELPRIMO,soloShowdown,SkullCreek,mid,4130,1396,411,7528,75280,fixture-synthetic-v1
2026-09-30T00:00:00Z,2026-09-21T00:00:00Z,2026-09-28T00:00:00Z,PIPER,soloShowdown,SkullCreek,mid,3532,1278,343,7528,75280,fixture-synthetic-v1
2026-09-30T00:00:00Z,2026-09-21T00:00:00Z,2026-09-28T00:00:00Z,SPIKE,soloShowdown,SkullCreek,high,896,332,108,1568,15680,fixture-synthetic-v1
2026-09-30T00:00:00Z,2026-09-21T00:00:00Z,2026-09-28T00:00:00Z,CROW,soloShowdown,SkullCreek,high,715,302,72,1568,15680,fixture-synthetic-v1
2026-09-30T00:00:00Z,2026-09-21T00:00:00Z,2026-09-28T00:00:00Z,ELPRIMO,soloShowdown,SkullCreek,high,935,307,87,1568,15680,fixture-synthetic-v1
2026-09-30T00:00:00Z,2026-09-21T00:00:00Z,2026-09-28T00:00:00Z,PIPER,soloShowdown,SkullCreek,high,655,219,75,1568,15680,fixture-synthetic-v1
2026-09-30T00:00:00Z,2026-09-21T00:00:00Z,2026-09-28T00:00:00Z,SPIKE,soloShowdown,FeastOrFamine,low,3436,1176,318,5845,58450,fixture-synthetic-v1
2026-09-30T00:00:00Z,2026-09-21T00:00:00Z,2026-09-28T00:00:00Z,CROW,soloShowdown,FeastOrFamine,low,2999,1128,321,5845,58450,fixture-synthetic-v1
2026-09-30T00:00:00Z,2026-09-21T00:00:00Z,2026-09-28T00:00:00Z,ELPRIMO,soloShowdown,FeastOrFamine,low,3115,1051,339,5845,58450,fixture-synthetic-v1
2026-09-30T00:00:00Z,2026-09-21T00:00:00Z,2026-09-28T00:00:00Z,PIPER,soloShowdown,FeastOrFamine,low,2493,801,277,5845,58450,fixture-synthetic-v1
2026-09-30T00:00:00Z,2026-09-21T00:00:00Z,2026-09-28T00:00:00Z,SPIKE,soloShowdown,FeastOrFamine,mid,5573,1943,560,9437,94370,fixture-synthetic-v1
2026-09-30T00:00:00Z,2026-09-21T00:00:00Z,2026-09-28T00:00:00Z,CROW,soloShowdown,FeastOrFamine,mid,4393,1688,431,9437,94370,fixture-synthetic-v1
2026-09-30T00:00:00Z,2026-09-21T00:00:00Z,2026-09-28T00:00:00Z,ELPRIMO,soloShowdown,FeastOrFamine,mid,4718,1573,454,9437,94370,fixture-synthetic-v1
2026-09-30T00:00:00Z,2026-09-21T00:00:00Z,2026-09-28T00:00:00Z,PIPER,soloShowdown,FeastOrFamine,mid,4496,1565,490,9437,94370,fixture-synthetic-v1
2026-09-30T00:00:00Z,2026-09-21T00:00:00Z,2026-09-28T00:00:00Z,SPIKE,soloShowdown,FeastOrFamine,high,780,292,65,1227,12270,fixture-synthetic-v1
2026-09-30T00:00:00Z,2026-09-21T00:00:00Z,2026-09-28T00:00:00Z,CROW,soloShowdown,FeastOrFamine,high,656,270,66,1227,12270,fixture-synthetic-v1
2026-09-30T00:00:00Z,2026-09-21T00:00:00Z,2026-09-28T00:00:00Z,ELPRIMO,soloShowdown,FeastOrFamine,high,625,200,70,1227,12270,fixture-synthetic-v1
2026-09-30T00:00:00Z,2026-09-21T00:00:00Z,2026-09-28T00:00:00Z,PIPER,soloShowdown,FeastOrFamine,high,503,182,41,1227,12270,fixture-synthetic-v1
2026-09-30T00:00:00Z,2026-09-21T00:00:00Z,2026-09-28T00:00:00Z,SPIKE,soloShowdown,RockwallBrawl,low,2849,1014,264,4315,43150,fixture-synthetic-v1
2026-09-30T00:00:00Z,2026-09-21T00:00:00Z,2026-09-28T00:00:00Z,CROW,soloShowdown,RockwallBrawl,low,2042,794,186,4315,43150,fixture-synthetic-v1
2026-09-30T00:00:00Z,2026-09-21T00:00:00Z,2026-09-28T00:00:00Z,ELPRIMO,soloShowdown,RockwallBrawl,low,2549,905,255,4315,43150,fixture-synthetic-v1
2026-09-30T00:00:00Z,2026-09-21T00:00:00Z,2026-09-28T00:00:00Z,PIPER,soloShowdown,RockwallBrawl,low,2018,671,206,4315,43150,fixture-synthetic-v1
2026-09-30T00:00:00Z,2026-09-21T00:00:00Z,2026-09-28T00:00:00Z,SPIKE,soloShowdown,RockwallBrawl,mid,4748,1683,473,8760,87600,fixture-synthetic-v1
2026-09-30T00:00:00Z,2026-09-21T00:00:00Z,2026-09-28T00:00:00Z,CROW,soloShowdown,RockwallBrawl,mid,3822,1532,382,8760,87600,fixture-synthetic-v1
2026-09-30T00:00:00Z,2026-09-21T00:00:00Z,2026-09-28T00:00:00Z,ELPRIMO,soloShowdown,RockwallBrawl,mid,4740,1588,493,8760,87600,fixture-synthetic-v1
2026-09-30T00:00:00Z,2026-09-21T00:00:00Z,2026-09-28T00:00:00Z,PIPER,soloShowdown,RockwallBrawl,mid,3462,1285,325,8760,87600,fixture-synthetic-v1
2026-09-30T00:00:00Z,2026-09-21T00:00:00Z,2026-09-28T00:00:00Z,SPIKE,soloShowdown,RockwallBrawl,high,25,13,2,42,420,fixture-synthetic-v1
2026-09-30T00:00:00Z,2026-09-21T00:00:00Z,2026-09-28T00:00:00Z,CROW,soloShowdown,RockwallBrawl,high,18,4,2,42,420,fixture-synthetic-v1
2026-09-30T00:00:00Z,2026-09-21T00:00:00Z,2026-09-28T00:00:00Z,ELPRIMO,soloShowdown,RockwallBrawl,high,21,5,2,42,420,fixture-synthetic-v1
2026-09-30T00:00:00Z,2026-09-21T00:00:00Z,2026-09-28T00:00:00Z,PIPER,soloShowdown,RockwallBrawl,high,20,9,1,42,420,fixture-synthetic-v1
2026-09-30T00:00:00Z,2026-09-21T00:00:00Z,2026-09-28T00:00:00Z,SPIKE,gemGrab,NewRotationMap,mid,5037,2531,166,14662,87972,fixture-synthetic-v1
2026-09-30T00:00:00Z,2026-09-21T00:00:00Z,2026-09-28T00:00:00Z,CROW,gemGrab,NewRotationMap,mid,4338,2183,143,14662,87972,fixture-synthetic-v1
2026-09-30T00:00:00Z,2026-09-21T00:00:00Z,2026-09-28T00:00:00Z,ELPRIMO,gemGrab,NewRotationMap,mid,4984,2339,178,14662,87972,fixture-synthetic-v1
2026-09-30T00:00:00Z,2026-09-21T00:00:00Z,2026-09-28T00:00:00Z,PIPER,gemGrab,NewRotationMap,mid,4039,2019,120,14662,87972,fixture-synthetic-v1
